תקשורת,https://fs.knesset.gov.il//18/law/18_lst%20%20_141273.doc,https://fs.knesset.gov.il//18/law/18_lst%20%20_141734.doc,https://fs.knesset.gov.il//18/law/18_lst%20%20_141884.doc,https://fs.knesset.gov.il//18/law/18_lst%20%20_141924.doc,https://fs.knesset.gov.il//18/law/18_lst%20%20_142266.doc,https://fs.knesset.gov.il//18/law/18_lst%20%20_142763.doc,https://fs.knesset.gov.il//18/law/18_lst%20%20_142960.doc,https://fs.knesset.gov.il//18/law/18_lst%20%20_143060.doc,https://fs.knesset.gov.il//18/law/18_lst%20%20_143297.doc,https://fs.knesset.gov.il//18/law/18_lst%20%20_143743.doc,https://fs.knesset.gov.il//18/law/18_lst_143859.doc,https://fs.knesset.gov.il//18/law/18_lst%20%20_144399.doc,https://fs.knesset.gov.il//18/law/18_lst%20%20_144634.doc,https://fs.knesset.gov.il//18/law/18_lst%20%20_144678.doc,https://fs.knesset.gov.il//18/law/18_lst%20%20_144698.doc,https://fs.knesset.gov.il//18/law/18_lst%20%20_145144.doc,https://fs.knesset.gov.il//18/law/18_lst%20%20_145378.doc,https://fs.knesset.gov.il//18/law/18_lst%20%20_145560.doc,https://fs.knesset.gov.il//18/law/18_lst%20%20_146058.doc,https://fs.knesset.gov.il//18/law/18_lst%20%20_146300..doc,https://fs.knesset.gov.il//18/law/18_lst%20%20_146399.doc,https://fs.knesset.gov.il//18/law/18_lst%20%20_146514..doc,https://fs.knesset.gov.il//18/law/18_lst%20%20_146977.doc,https://fs.knesset.gov.il//18/law/18_lst%20%20_147004.doc,https://fs.knesset.gov.il//18/law/18_lst%20%20_147082.doc,https://fs.knesset.gov.il//18/law/18_lst%20%20_147289.doc,https://fs.knesset.gov.il//18/law/18_lst%20%20_147399.doc,https://fs.knesset.gov.il//18/law/18_lst%20%20_147986..doc,https://fs.knesset.gov.il//18/law/18_lst%20%20_147989.doc,https://fs.knesset.gov.il//18/law/18_lst%20%20_148011.doc,https://fs.knesset.gov.il//18/law/18_lst%20%20_148292.doc,https://fs.knesset.gov.il//18/law/18_lst_148410.doc,https://fs.knesset.gov.il//18/law/18_lst%20%20_148418.doc,https://fs.knesset.gov.il//18/law/18_lst%20%20_161308..doc,https://fs.knesset.gov.il//18/law/18_lst%20%20_161720..doc,https://fs.knesset.gov.il//18/law/18_lst%20%20_162447..doc,https://fs.knesset.gov.il//18/law/18_lst%20%20_163238..doc,https://fs.knesset.gov.il//18/law/18_lst%20%20_163796..doc,https://fs.knesset.gov.il//18/law/18_lst%20%20_166718..doc,https://fs.knesset.gov.il//18/law/18_lst%20%20_169266..doc,https://fs.knesset.gov.il//18/law/18_lst%20%20_167936..doc,https://fs.knesset.gov.il//18/law/18_lst%20%20_168744..doc,https://fs.knesset.gov.il//18/law/18_lst%20%20_169971..doc,https://fs.knesset.gov.il//18/law/18_lst%20%20_172031..doc,https://fs.knesset.gov.il//18/law/18_lst%20%20_171415..doc,https://fs.knesset.gov.il//18/law/18_lst%20%20_173275..doc,https://fs.knesset.gov.il//18/law/18_lst_181961.doc,https://fs.knesset.gov.il//18/law/18_lst_175691.doc,https://fs.knesset.gov.il//18/law/18_lst_180536.doc,https://fs.knesset.gov.il//18/law/18_lst_180951.doc,https://fs.knesset.gov.il//18/law/18_lst_181039.doc,https://fs.knesset.gov.il//18/law/18_lst_184232.doc,https://fs.knesset.gov.il//18/law/18_lst_185750.doc,https://fs.knesset.gov.il//18/law/18_lst_183705.doc,https://fs.knesset.gov.il//18/law/18_lst_184248.doc,https://fs.knesset.gov.il//18/law/18_lst_184227.doc,https://fs.knesset.gov.il//18/law/18_lst_184729.doc,https://fs.knesset.gov.il//18/law/18_lst_185282.doc,https://fs.knesset.gov.il//18/law/18_lst_188886.doc,https://fs.knesset.gov.il//18/law/18_lst_202762.doc,https://fs.knesset.gov.il//18/law/18_lst_203196.doc,https://fs.knesset.gov.il//18/law/18_lst_216724.doc,https://fs.knesset.gov.il//18/law/18_lst_216711.doc
מדיניות כלכלית,https://fs.knesset.gov.il//18/law/18_lst%20%20_141238..doc,https://fs.knesset.gov.il//18/law/18_lst%20%20_142656.doc,https://fs.knesset.gov.il//18/law/18_lst%20%20_144254.doc,https://fs.knesset.gov.il//18/law/18_lst_144515.doc,https://fs.knesset.gov.il//18/law/18_lst%20%20_145706.doc,https://fs.knesset.gov.il//18/law/18_lst%20%20_146348.doc,https://fs.knesset.gov.il//18/law/18_lst%20%20_146452.doc,https://fs.knesset.gov.il//18/law/18_lst_146620.doc,https://fs.knesset.gov.il//18/law/18_lst%20%20_147251.doc,https://fs.knesset.gov.il//18/law/18_lst%20%20_147544.doc,https://fs.knesset.gov.il//18/law/18_lst%20%20_147843.doc,https://fs.knesset.gov.il//18/law/18_lst%20%20_148246..doc,https://fs.knesset.gov.il//18/law/18_lst%20%20_148454.doc,https://fs.knesset.gov.il//18/law/18_lst%20%20_162797..doc,https://fs.knesset.gov.il//18/law/18_lst%20%20_163243..doc,https://fs.knesset.gov.il//18/law/18_lst%20%20_163041..doc,https://fs.knesset.gov.il//18/law/18_lst%20%20_166080..doc,https://fs.knesset.gov.il//18/law/18_lst_181939.doc,https://fs.knesset.gov.il//18/law/18_lst_165606.doc,https://fs.knesset.gov.il//18/law/18_lst%20%20_166606..doc,https://fs.knesset.gov.il//18/law/18_lst%20%20_167641..doc,https://fs.knesset.gov.il//18/law/18_lst%20%20_167827..doc,https://fs.knesset.gov.il//18/law/18_lst_169256.doc,https://fs.knesset.gov.il//18/law/18_lst%20%20_169263..doc,https://fs.knesset.gov.il//18/law/18_lst_169098.doc,https://fs.knesset.gov.il//18/law/18_lst_169104.doc,https://fs.knesset.gov.il//18/law/18_lst_169264.doc,https://fs.knesset.gov.il//18/law/18_lst%20%20_172096..doc,https://fs.knesset.gov.il//18/law/18_lst_173997.doc,https://fs.knesset.gov.il//18/law/18_lst_173035.doc,https://fs.knesset.gov.il//18/law/18_lst%20%20_173594..doc,https://fs.knesset.gov.il//18/law/18_lst_173999.doc,https://fs.knesset.gov.il//18/law/18_lst_181945.doc,https://fs.knesset.gov.il//18/law/18_lst_182625.doc,https://fs.knesset.gov.il//18/law/18_lst_183984.doc,https://fs.knesset.gov.il//18/law/18_lst_184559.doc,https://fs.knesset.gov.il//18/law/18_lst_186216.doc,https://fs.knesset.gov.il//18/law/18_lst_186217.doc,https://fs.knesset.gov.il//18/law/18_lst_188319.doc,https://fs.knesset.gov.il//18/law/18_lst_202353.doc,https://fs.knesset.gov.il//18/law/18_lst_201079.doc,https://fs.knesset.gov.il//18/law/18_lst_201883.doc,https://fs.knesset.gov.il//18/law/18_lst_200585.doc,https://fs.knesset.gov.il//18/law/18_lst_201895.doc,https://fs.knesset.gov.il//18/law/18_lst_201892.doc,https://fs.knesset.gov.il//18/law/18_lst_217374.doc
בנקאות והשקעות,https://fs.knesset.gov.il//18/law/18_lst%20%20_142125.doc,https://fs.knesset.gov.il//18/law/18_lst%20%20_142755.doc,https://fs.knesset.gov.il//18/law/18_lst%20%20_142773..doc,https://fs.knesset.gov.il//18/law/18_lst%20%20_142921.doc,https://fs.knesset.gov.il//18/law/18_lst%20%20_143181.doc,https://fs.knesset.gov.il//18/law/18_lst%20%20_143276..doc,https://fs.knesset.gov.il//18/law/18_lst%20%20_144239..doc,https://fs.knesset.gov.il//18/law/18_lst%20%20_144307.doc,https://fs.knesset.gov.il//18/law/18_lst%20%20_144487.doc,https://fs.knesset.gov.il//18/law/18_lst%20%20_144518.doc,https://fs.knesset.gov.il//18/law/18_lst%20%20_144744.doc,https://fs.knesset.gov.il//18/law/18_lst%20%20_144998.doc,https://fs.knesset.gov.il//18/law/18_lst%20%20_145987.doc,https://fs.knesset.gov.il//18/law/18_lst%20%20_146003.doc,https://fs.knesset.gov.il//18/law/18_lst%20%20_146741.doc,https://fs.knesset.gov.il//18/law/18_lst%20%20_146815.doc,https://fs.knesset.gov.il//18/law/18_lst%20%20_146919.doc,https://fs.knesset.gov.il//18/law/18_lst%20%20_147028.doc,https://fs.knesset.gov.il//18/law/18_lst%20%20_147282.doc,https://fs.knesset.gov.il//18/law/18_lst_147853.doc,https://fs.knesset.gov.il//18/law/18_lst%20%20_148124.doc,https://fs.knesset.gov.il//18/law/18_lst%20%20_163039..doc,https://fs.knesset.gov.il//18/law/18_lst%20%20_161709..doc,https://fs.knesset.gov.il//18/law/18_lst%20%20_162341..doc,https://fs.knesset.gov.il//18/law/18_lst_162439.doc,https://fs.knesset.gov.il//18/law/18_lst%20%20_163035..doc,https://fs.knesset.gov.il//18/law/18_lst%20%20_164329..doc,https://fs.knesset.gov.il//18/law/18_lst%20%20_164470..doc,https://fs.knesset.gov.il//18/law/18_lst_165066.doc,https://fs.knesset.gov.il//18/law/18_lst%20%20_165604..doc,https://fs.knesset.gov.il//18/law/18_lst%20%20_165603..doc,https://fs.knesset.gov.il//18/law/18_lst%20%20_166608..doc,https://fs.knesset.gov.il//18/law/18_lst%20%20_169019..doc,https://fs.knesset.gov.il//18/law/18_lst%20%20_169253..doc,https://fs.knesset.gov.il//18/law/18_lst%20%20_171567..doc,https://fs.knesset.gov.il//18/law/18_lst%20%20_171712..doc,https://fs.knesset.gov.il//18/law/18_lst%20%20_171717..doc,https://fs.knesset.gov.il//18/law/18_lst%20%20_171718..doc,https://fs.knesset.gov.il//18/law/18_lst_180855.doc,https://fs.knesset.gov.il//18/law/18_lst_180530.doc,https://fs.knesset.gov.il//18/law/18_lst_181032.doc,https://fs.knesset.gov.il//18/law/18_lst_185254.doc,https://fs.knesset.gov.il//18/law/18_lst_183515.doc,https://fs.knesset.gov.il//18/law/18_lst_182949.doc,https://fs.knesset.gov.il//18/law/18_lst_184557.doc,https://fs.knesset.gov.il//18/law/18_lst_187589.doc,https://fs.knesset.gov.il//18/law/18_lst_201074.doc
איכות הסביבה,https://fs.knesset.gov.il//18/law/18_lst%20%20_141837.doc,https://fs.knesset.gov.il//18/law/18_lst%20%20_141965.doc,https://fs.knesset.gov.il//18/law/18_lst%20%20_142800.doc,https://fs.knesset.gov.il//18/law/18_lst%20%20_143996.doc,https://fs.knesset.gov.il//18/law/18_lst%20%20_144332.doc,https://fs.knesset.gov.il//18/law/18_lst%20%20_144915.doc,https://fs.knesset.gov.il//18/law/18_lst_145331.doc,https://fs.knesset.gov.il//18/law/18_lst%20%20_146744.doc,https://fs.knesset.gov.il//18/law/18_lst_180535.doc,https://fs.knesset.gov.il//18/law/18_lst%20%20_147274.doc,https://fs.knesset.gov.il//18/law/18_lst%20%20_147527.doc,https://fs.knesset.gov.il//18/law/18_lst%20%20_147713..doc,https://fs.knesset.gov.il//18/law/18_lst%20%20_147823..doc,https://fs.knesset.gov.il//18/law/18_lst%20%20_147911..doc,https://fs.knesset.gov.il//18/law/18_lst%20%20_148198.doc,https://fs.knesset.gov.il//18/law/18_lst%20%20_148370..doc,https://fs.knesset.gov.il//18/law/18_lst%20%20_166766..doc,https://fs.knesset.gov.il//18/law/18_lst%20%20_165241..doc,https://fs.knesset.gov.il//18/law/18_lst%20%20_165607..doc,https://fs.knesset.gov.il//18/law/18_lst%20%20_166780..doc,https://fs.knesset.gov.il//18/law/18_lst%20%20_167834..doc,https://fs.knesset.gov.il//18/law/18_lst%20%20_169688..doc,https://fs.knesset.gov.il//18/law/18_lst%20%20_170358..doc,https://fs.knesset.gov.il//18/law/18_lst_173724.doc,https://fs.knesset.gov.il//18/law/18_lst_182216.doc,https://fs.knesset.gov.il//18/law/18_lst_174279.doc,https://fs.knesset.gov.il//18/law/18_lst_175482.doc,https://fs.knesset.gov.il//18/law/18_lst_187434.doc,https://fs.knesset.gov.il//18/law/18_lst_194644.doc,https://fs.knesset.gov.il//18/law/18_lst_188552.doc,https://fs.knesset.gov.il//18/law/18_lst_199185.doc,https://fs.knesset.gov.il//18/law/18_lst_216730.doc,https://fs.knesset.gov.il//18/law/18_lst_200103.doc,https://fs.knesset.gov.il//18/law/18_lst_201889.doc,https://fs.knesset.gov.il//18/law/18_lst_216715.doc,https://fs.knesset.gov.il//18/law/18_lst_216708.doc,https://fs.knesset.gov.il//18/law/18_lst_216199.doc
מיסוי ושכר,https://fs.knesset.gov.il//18/law/18_lst_567208.doc,https://fs.knesset.gov.il//18/law/18_lst%20%20_141411.doc,https://fs.knesset.gov.il//18/law/18_lst%20%20_141759.doc,https://fs.knesset.gov.il//18/law/18_lst%20%20_141855.doc,https://fs.knesset.gov.il//18/law/18_lst%20%20_141878.doc,https://fs.knesset.gov.il//18/law/18_lst%20%20_141894.doc,https://fs.knesset.gov.il//18/law/18_lst%20%20_141902.doc,https://fs.knesset.gov.il//18/law/18_lst%20%20_141927.doc,https://fs.knesset.gov.il//18/law/18_lst%20%20_141970.doc,https://fs.knesset.gov.il//18/law/18_lst%20%20_142074.doc,https://fs.knesset.gov.il//18/law/18_lst%20%20_142080.doc,https://fs.knesset.gov.il//18/law/18_lst%20%20_142089.doc,https://fs.knesset.gov.il//18/law/18_lst%20%20_142178.doc,https://fs.knesset.gov.il//18/law/18_lst%20%20_142183.doc,https://fs.knesset.gov.il//18/law/18_lst%20%20_142219.doc,https://fs.knesset.gov.il//18/law/18_lst_142312.doc,https://fs.knesset.gov.il//18/law/18_lst%20%20_142555.doc,https://fs.knesset.gov.il//18/law/18_lst%20%20_142558.doc,https://fs.knesset.gov.il//18/law/18_lst%20%20_143249.doc,https://fs.knesset.gov.il//18/law/18_lst%20%20_143924.doc,https://fs.knesset.gov.il//18/law/18_lst%20%20_144288.doc,https://fs.knesset.gov.il//18/law/18_lst%20%20_144480.doc,https://fs.knesset.gov.il//18/law/18_lst%20%20_145023.doc,https://fs.knesset.gov.il//18/law/18_lst%20%20_145028.doc,https://fs.knesset.gov.il//18/law/18_lst%20%20_145763.doc,https://fs.knesset.gov.il//18/law/18_lst%20%20_145873.doc,https://fs.knesset.gov.il//18/law/18_lst%20%20_146026.doc,https://fs.knesset.gov.il//18/law/18_lst%20%20_146039.doc,https://fs.knesset.gov.il//18/law/18_lst%20%20_146049.doc,https://fs.knesset.gov.il//18/law/18_lst%20%20_146098.doc,https://fs.knesset.gov.il//18/law/18_lst%20%20_146278.doc,https://fs.knesset.gov.il//18/law/18_lst%20%20_146558.doc,https://fs.knesset.gov.il//18/law/18_lst%20%20_146672.doc,https://fs.knesset.gov.il//18/law/18_lst%20%20_146856.doc,https://fs.knesset.gov.il//18/law/18_lst%20%20_147360.doc,https://fs.knesset.gov.il//18/law/18_lst_147474.doc,https://fs.knesset.gov.il//18/law/18_lst%20%20_147685.doc,https://fs.knesset.gov.il//18/law/18_lst%20%20_147892.doc,https://fs.knesset.gov.il//18/law/18_lst%20%20_148062..doc,https://fs.knesset.gov.il//18/law/18_lst%20%20_148097.doc,https://fs.knesset.gov.il//18/law/18_lst%20%20_148151.doc,https://fs.knesset.gov.il//18/law/18_lst%20%20_162441..doc,https://fs.knesset.gov.il//18/law/18_lst%20%20_163240..doc,https://fs.knesset.gov.il//18/law/18_lst%20%20_165231..doc,https://fs.knesset.gov.il//18/law/18_lst%20%20_165805..doc,https://fs.knesset.gov.il//18/law/18_lst%20%20_166082..doc,https://fs.knesset.gov.il//18/law/18_lst%20%20_166778..doc,https://fs.knesset.gov.il//18/law/18_lst%20%20_166928..doc,https://fs.knesset.gov.il//18/law/18_lst%20%20_167220..doc,https://fs.knesset.gov.il//18/law/18_lst%20%20_167792..doc,https://fs.knesset.gov.il//18/law/18_lst%20%20_168231..doc,https://fs.knesset.gov.il//18/law/18_lst%20%20_169265..doc,https://fs.knesset.gov.il//18/law/18_lst%20%20_169259..doc,https://fs.knesset.gov.il//18/law/18_lst%20%20_169686..doc,https://fs.knesset.gov.il//18/law/18_lst_169702.doc,https://fs.knesset.gov.il//18/law/18_lst%20%20_169757..doc,https://fs.knesset.gov.il//18/law/18_lst_169695.doc,https://fs.knesset.gov.il//18/law/18_lst%20%20_170772..doc,https://fs.knesset.gov.il//18/law/18_lst%20%20_170783..doc,https://fs.knesset.gov.il//18/law/18_lst_173732.doc,https://fs.knesset.gov.il//18/law/18_lst_174104.doc,https://fs.knesset.gov.il//18/law/18_lst_180324.doc,https://fs.knesset.gov.il//18/law/18_lst_174437.doc,https://fs.knesset.gov.il//18/law/18_lst_180106.doc,https://fs.knesset.gov.il//18/law/18_lst_180314.doc,https://fs.knesset.gov.il//18/law/18_lst_180332.doc,https://fs.knesset.gov.il//18/law/18_lst_181355.doc,https://fs.knesset.gov.il//18/law/18_lst_181548.doc,https://fs.knesset.gov.il//18/law/18_lst_183517.doc,https://fs.knesset.gov.il//18/law/18_lst_184558.doc,https://fs.knesset.gov.il//18/law/18_lst_183713.doc,https://fs.knesset.gov.il//18/law/18_lst_184728.doc,https://fs.knesset.gov.il//18/law/18_lst_184757.doc,https://fs.knesset.gov.il//18/law/18_lst_185456.doc,https://fs.knesset.gov.il//18/law/18_lst_184758.doc,https://fs.knesset.gov.il//18/law/18_lst_187378.doc,https://fs.knesset.gov.il//18/law/18_lst_185278.doc,https://fs.knesset.gov.il//18/law/18_lst_186258.doc,https://fs.knesset.gov.il//18/law/18_lst_188874.doc,https://fs.knesset.gov.il//18/law/18_lst_199165.doc,https://fs.knesset.gov.il//18/law/18_lst_199163.doc,https://fs.knesset.gov.il//18/law/18_lst_199162.doc,https://fs.knesset.gov.il//18/law/18_lst_199182.doc,https://fs.knesset.gov.il//18/law/18_lst_199181.doc,https://fs.knesset.gov.il//18/law/18_lst_199161.doc,https://fs.knesset.gov.il//18/law/18_lst_199177.doc,https://fs.knesset.gov.il//18/law/18_lst_199168.doc,https://fs.knesset.gov.il//18/law/18_lst_217153.doc,https://fs.knesset.gov.il//18/law/18_lst_199164.doc,https://fs.knesset.gov.il//18/law/18_lst_216208.doc,https://fs.knesset.gov.il//18/law/18_lst_217134.doc,https://fs.knesset.gov.il//18/law/18_lst_216721.doc,https://fs.knesset.gov.il//18/law/18_lst_218797.doc,https://fs.knesset.gov.il//18/law/18_lst%20%20_141725.doc,https://fs.knesset.gov.il//18/law/18_lst%20%20_141753.doc,https://fs.knesset.gov.il//18/law/18_lst%20%20_141755.doc,https://fs.knesset.gov.il//18/law/18_lst%20%20_141824.doc,https://fs.knesset.gov.il//18/law/18_lst%20%20_141834.doc,https://fs.knesset.gov.il//18/law/18_lst%20%20_142431.doc,https://fs.knesset.gov.il//18/law/18_lst%20%20_143495..doc,https://fs.knesset.gov.il//18/law/18_lst%20%20_143498.doc,https://fs.knesset.gov.il//18/law/18_lst%20%20_143580.doc,https://fs.knesset.gov.il//18/law/18_lst%20%20_143728.doc,https://fs.knesset.gov.il//18/law/18_lst_143899.doc,https://fs.knesset.gov.il//18/law/18_lst%20%20_144384.doc,https://fs.knesset.gov.il//18/law/18_lst%20%20_144513.doc,https://fs.knesset.gov.il//18/law/18_lst%20%20_145274.doc,https://fs.knesset.gov.il//18/law/18_lst%20%20_145360.doc,https://fs.knesset.gov.il//18/law/18_lst%20%20_145375..doc,https://fs.knesset.gov.il//18/law/18_lst%20%20_146096.doc,https://fs.knesset.gov.il//18/law/18_lst%20%20_146382.doc,https://fs.knesset.gov.il//18/law/18_lst%20%20_146489.doc,https://fs.knesset.gov.il//18/law/18_lst%20%20_147089.doc,https://fs.knesset.gov.il//18/law/18_lst%20%20_147286.doc,https://fs.knesset.gov.il//18/law/18_lst%20%20_147385.doc,https://fs.knesset.gov.il//18/law/18_lst%20%20_147881.doc,https://fs.knesset.gov.il//18/law/18_lst_147993.doc,https://fs.knesset.gov.il//18/law/18_lst%20%20_148144.doc,https://fs.knesset.gov.il//18/law/18_lst%20%20_148200.doc,https://fs.knesset.gov.il//18/law/18_lst_161296.doc,https://fs.knesset.gov.il//18/law/18_lst%20%20_148400..doc,https://fs.knesset.gov.il//18/law/18_lst%20%20_162794..doc,https://fs.knesset.gov.il//18/law/18_lst%20%20_165052..doc,https://fs.knesset.gov.il//18/law/18_lst%20%20_165234..doc,https://fs.knesset.gov.il//18/law/18_lst%20%20_165229..doc,https://fs.knesset.gov.il//18/law/18_lst%20%20_165240..doc,https://fs.knesset.gov.il//18/law/18_lst%20%20_165478..doc,https://fs.knesset.gov.il//18/law/18_lst%20%20_166066..doc,https://fs.knesset.gov.il//18/law/18_lst%20%20_167230..doc,https://fs.knesset.gov.il//18/law/18_lst%20%20_169103..doc,https://fs.knesset.gov.il//18/law/18_lst%20%20_169107..doc,https://fs.knesset.gov.il//18/law/18_lst%20%20_170409..doc,https://fs.knesset.gov.il//18/law/18_lst%20%20_170288..doc,https://fs.knesset.gov.il//18/law/18_lst%20%20_171598..doc,https://fs.knesset.gov.il//18/law/18_lst%20%20_171693..doc,https://fs.knesset.gov.il//18/law/18_lst%20%20_173373..doc,https://fs.knesset.gov.il//18/law/18_lst_174002.doc,https://fs.knesset.gov.il//18/law/18_lst_183426.doc,https://fs.knesset.gov.il//18/law/18_lst_182622.doc,https://fs.knesset.gov.il//18/law/18_lst_187513.doc,https://fs.knesset.gov.il//18/law/18_lst_188956.doc,https://fs.knesset.gov.il//18/law/18_lst_194642.doc,https://fs.knesset.gov.il//18/law/18_lst_200579.doc,https://fs.knesset.gov.il//18/law/18_lst_216722.doc,https://fs.knesset.gov.il//18/law/18_lst_216710.doc,https://fs.knesset.gov.il//18/law/18_lst_216723.doc
בטחון פנים,https://fs.knesset.gov.il//18/law/18_lst%20%20_141206.doc,https://fs.knesset.gov.il//18/law/18_lst%20%20_141461.doc,https://fs.knesset.gov.il//18/law/18_lst%20%20_141811.doc,https://fs.knesset.gov.il//18/law/18_lst%20%20_142072.doc,https://fs.knesset.gov.il//18/law/18_lst%20%20_142087.doc,https://fs.knesset.gov.il//18/law/18_lst%20%20_142709.doc,https://fs.knesset.gov.il//18/law/18_lst%20%20_142715.doc,https://fs.knesset.gov.il//18/law/18_lst%20%20_142945.doc,https://fs.knesset.gov.il//18/law/18_lst%20%20_143268.doc,https://fs.knesset.gov.il//18/law/18_lst%20%20_143524.doc,https://fs.knesset.gov.il//18/law/18_lst%20%20_143555.doc,https://fs.knesset.gov.il//18/law/18_lst%20%20_144737.doc,https://fs.knesset.gov.il//18/law/18_lst%20%20_145174.doc,https://fs.knesset.gov.il//18/law/18_lst%20%20_145294.doc,https://fs.knesset.gov.il//18/law/18_lst%20%20_145550.doc,https://fs.knesset.gov.il//18/law/18_lst%20%20_145561.doc,https://fs.knesset.gov.il//18/law/18_lst%20%20_145691.doc,https://fs.knesset.gov.il//18/law/18_lst%20%20_146001.doc,https://fs.knesset.gov.il//18/law/18_lst%20%20_146421.doc,https://fs.knesset.gov.il//18/law/18_lst%20%20_146567.doc,https://fs.knesset.gov.il//18/law/18_lst%20%20_146584.doc,https://fs.knesset.gov.il//18/law/18_lst%20%20_147284.doc,https://fs.knesset.gov.il//18/law/18_lst%20%20_147303.doc,https://fs.knesset.gov.il//18/law/18_lst%20%20_147321..doc,https://fs.knesset.gov.il//18/law/18_lst%20%20_147605.doc,https://fs.knesset.gov.il//18/law/18_lst%20%20_147756.doc,https://fs.knesset.gov.il//18/law/18_lst%20%20_148013.doc,https://fs.knesset.gov.il//18/law/18_lst%20%20_148242.doc,https://fs.knesset.gov.il//18/law/18_lst%20%20_161719..doc,https://fs.knesset.gov.il//18/law/18_lst_161705.doc,https://fs.knesset.gov.il//18/law/18_lst%20%20_163693..doc,https://fs.knesset.gov.il//18/law/18_lst%20%20_166937..doc,https://fs.knesset.gov.il//18/law/18_lst%20%20_167944..doc,https://fs.knesset.gov.il//18/law/18_lst%20%20_169723..doc,https://fs.knesset.gov.il//18/law/18_lst%20%20_169743..doc,https://fs.knesset.gov.il//18/law/18_lst%20%20_171580..doc,https://fs.knesset.gov.il//18/law/18_lst_173995.doc,https://fs.knesset.gov.il//18/law/18_lst_174103.doc,https://fs.knesset.gov.il//18/law/18_lst_175491.doc,https://fs.knesset.gov.il//18/law/18_lst_175488.doc,https://fs.knesset.gov.il//18/law/18_lst_203173.doc,https://fs.knesset.gov.il//18/law/18_lst_182119.doc,https://fs.knesset.gov.il//18/law/18_lst_181956.doc,https://fs.knesset.gov.il//18/law/18_lst_180312.doc,https://fs.knesset.gov.il//18/law/18_lst_180891.doc,https://fs.knesset.gov.il//18/law/18_lst_181921.doc,https://fs.knesset.gov.il//18/law/18_lst_181944.doc,https://fs.knesset.gov.il//18/law/18_lst_182845.doc,https://fs.knesset.gov.il//18/law/18_lst_183700.doc,https://fs.knesset.gov.il//18/law/18_lst_184220.doc,https://fs.knesset.gov.il//18/law/18_lst_184203.doc,https://fs.knesset.gov.il//18/law/18_lst_186166.doc,https://fs.knesset.gov.il//18/law/18_lst_187899.doc,https://fs.knesset.gov.il//18/law/18_lst_187514.doc,https://fs.knesset.gov.il//18/law/18_lst_217147.doc,https://fs.knesset.gov.il//18/law/18_lst_202356.doc,https://fs.knesset.gov.il//18/law/18_lst_199186.doc,https://fs.knesset.gov.il//18/law/18_lst_203178.doc,https://fs.knesset.gov.il//18/law/18_lst_217138.doc,https://fs.knesset.gov.il//18/law/18_lst_217394.doc
פלילים,https://fs.knesset.gov.il//18/law/18_lst%20%20_141414.doc,https://fs.knesset.gov.il//18/law/18_lst%20%20_141728.doc,https://fs.knesset.gov.il//18/law/18_lst%20%20_141995.doc,https://fs.knesset.gov.il//18/law/18_lst%20%20_142048.doc,https://fs.knesset.gov.il//18/law/18_lst%20%20_142052.doc,https://fs.knesset.gov.il//18/law/18_lst%20%20_142060.doc,https://fs.knesset.gov.il//18/law/18_lst%20%20_142646.doc,https://fs.knesset.gov.il//18/law/18_lst%20%20_142680.doc,https://fs.knesset.gov.il//18/law/18_lst%20%20_142751.doc,https://fs.knesset.gov.il//18/law/18_lst%20%20_143042.doc,https://fs.knesset.gov.il//18/law/18_lst%20%20_143576.doc,https://fs.knesset.gov.il//18/law/18_lst%20%20_143589.doc,https://fs.knesset.gov.il//18/law/18_lst%20%20_144058.doc,https://fs.knesset.gov.il//18/law/18_lst%20%20_144545.doc,https://fs.knesset.gov.il//18/law/18_lst%20%20_144577..doc,https://fs.knesset.gov.il//18/law/18_lst%20%20_144928.doc,https://fs.knesset.gov.il//18/law/18_lst%20%20_145051..doc,https://fs.knesset.gov.il//18/law/18_lst%20%20_145343.doc,https://fs.knesset.gov.il//18/law/18_lst%20%20_145354.doc,https://fs.knesset.gov.il//18/law/18_lst%20%20_145485.doc,https://fs.knesset.gov.il//18/law/18_lst%20%20_145639.doc,https://fs.knesset.gov.il//18/law/18_lst%20%20_145708.doc,https://fs.knesset.gov.il//18/law/18_lst%20%20_145748.doc,https://fs.knesset.gov.il//18/law/18_lst%20%20_145968.doc,https://fs.knesset.gov.il//18/law/18_lst%20%20_145986.doc,https://fs.knesset.gov.il//18/law/18_lst%20%20_146326.doc,https://fs.knesset.gov.il//18/law/18_lst%20%20_146431.doc,https://fs.knesset.gov.il//18/law/18_lst%20%20_146702..doc,https://fs.knesset.gov.il//18/law/18_lst_146751.doc,https://fs.knesset.gov.il//18/law/18_lst%20%20_146826.doc,https://fs.knesset.gov.il//18/law/18_lst_146907.doc,https://fs.knesset.gov.il//18/law/18_lst%20%20_147211.doc,https://fs.knesset.gov.il//18/law/18_lst%20%20_147436.doc,https://fs.knesset.gov.il//18/law/18_lst%20%20_147563.doc,https://fs.knesset.gov.il//18/law/18_lst%20%20_147707.doc,https://fs.knesset.gov.il//18/law/18_lst%20%20_147766..doc,https://fs.knesset.gov.il//18/law/18_lst%20%20_148213.doc,https://fs.knesset.gov.il//18/law/18_lst%20%20_148272.doc,https://fs.knesset.gov.il//18/law/18_lst%20%20_148357.doc,https://fs.knesset.gov.il//18/law/18_lst%20%20_148464.doc,https://fs.knesset.gov.il//18/law/18_lst%20%20_162449..doc,https://fs.knesset.gov.il//18/law/18_lst%20%20_165593..doc,https://fs.knesset.gov.il//18/law/18_lst%20%20_163688..doc,https://fs.knesset.gov.il//18/law/18_lst%20%20_166910..doc,https://fs.knesset.gov.il//18/law/18_lst%20%20_168543..doc,https://fs.knesset.gov.il//18/law/18_lst%20%20_169739..doc,https://fs.knesset.gov.il//18/law/18_lst%20%20_169699..doc,https://fs.knesset.gov.il//18/law/18_lst%20%20_169710..doc,https://fs.knesset.gov.il//18/law/18_lst%20%20_171648..doc,https://fs.knesset.gov.il//18/law/18_lst%20%20_172026..doc,https://fs.knesset.gov.il//18/law/18_lst%20%20_172413..doc,https://fs.knesset.gov.il//18/law/18_lst_175740.doc,https://fs.knesset.gov.il//18/law/18_lst_174154.doc,https://fs.knesset.gov.il//18/law/18_lst_175495.doc,https://fs.knesset.gov.il//18/law/18_lst_180521.doc,https://fs.knesset.gov.il//18/law/18_lst_181331.doc,https://fs.knesset.gov.il//18/law/18_lst_182226.doc,https://fs.knesset.gov.il//18/law/18_lst_183994.doc,https://fs.knesset.gov.il//18/law/18_lst_184730.doc,https://fs.knesset.gov.il//18/law/18_lst_186213.doc,https://fs.knesset.gov.il//18/law/18_lst_188554.doc,https://fs.knesset.gov.il//18/law/18_lst_196354.doc,https://fs.knesset.gov.il//18/law/18_lst_203192.doc,https://fs.knesset.gov.il//18/law/18_lst_202344.doc,https://fs.knesset.gov.il//18/law/18_lst_216212.doc
תחבורה,https://fs.knesset.gov.il//18/law/18_lst%20%20_141246.doc,https://fs.knesset.gov.il//18/law/18_lst%20%20_141384.doc,https://fs.knesset.gov.il//18/law/18_lst%20%20_141409..doc,https://fs.knesset.gov.il//18/law/18_lst%20%20_142118.doc,https://fs.knesset.gov.il//18/law/18_lst%20%20_142571.doc,https://fs.knesset.gov.il//18/law/18_lst%20%20_142618.doc,https://fs.knesset.gov.il//18/law/18_lst%20%20_142727.doc,https://fs.knesset.gov.il//18/law/18_lst%20%20_143587.doc,https://fs.knesset.gov.il//18/law/18_lst%20%20_143991.doc,https://fs.knesset.gov.il//18/law/18_lst%20%20_144568.doc,https://fs.knesset.gov.il//18/law/18_lst%20%20_144982.doc,https://fs.knesset.gov.il//18/law/18_lst%20%20_145437.doc,https://fs.knesset.gov.il//18/law/18_lst%20%20_145451.doc,https://fs.knesset.gov.il//18/law/18_lst%20%20_145524.doc,https://fs.knesset.gov.il//18/law/18_lst%20%20_145565.doc,https://fs.knesset.gov.il//18/law/18_lst%20%20_146024.doc,https://fs.knesset.gov.il//18/law/18_lst%20%20_146263.doc,https://fs.knesset.gov.il//18/law/18_lst%20%20_146921.doc,https://fs.knesset.gov.il//18/law/18_lst%20%20_147070.doc,https://fs.knesset.gov.il//18/law/18_lst%20%20_147207.doc,https://fs.knesset.gov.il//18/law/18_lst%20%20_147238.doc,https://fs.knesset.gov.il//18/law/18_lst%20%20_147239.doc,https://fs.knesset.gov.il//18/law/18_lst%20%20_147327.doc,https://fs.knesset.gov.il//18/law/18_lst%20%20_147696.doc,https://fs.knesset.gov.il//18/law/18_lst%20%20_147711.doc,https://fs.knesset.gov.il//18/law/18_lst%20%20_147814.doc,https://fs.knesset.gov.il//18/law/18_lst%20%20_161332..doc,https://fs.knesset.gov.il//18/law/18_lst%20%20_148318.doc,https://fs.knesset.gov.il//18/law/18_lst%20%20_164680..doc,https://fs.knesset.gov.il//18/law/18_lst%20%20_162068..doc,https://fs.knesset.gov.il//18/law/18_lst%20%20_163694..doc,https://fs.knesset.gov.il//18/law/18_lst%20%20_163242..doc,https://fs.knesset.gov.il//18/law/18_lst%20%20_163692..doc,https://fs.knesset.gov.il//18/law/18_lst%20%20_167638..doc,https://fs.knesset.gov.il//18/law/18_lst%20%20_166414..doc,https://fs.knesset.gov.il//18/law/18_lst%20%20_165053..doc,https://fs.knesset.gov.il//18/law/18_lst_166413.doc,https://fs.knesset.gov.il//18/law/18_lst%20%20_168997..doc,https://fs.knesset.gov.il//18/law/18_lst%20%20_167787..doc,https://fs.knesset.gov.il//18/law/18_lst%20%20_169734..doc,https://fs.knesset.gov.il//18/law/18_lst%20%20_169762..doc,https://fs.knesset.gov.il//18/law/18_lst%20%20_169764..doc,https://fs.knesset.gov.il//18/law/18_lst%20%20_173053..doc,https://fs.knesset.gov.il//18/law/18_lst_171658.doc,https://fs.knesset.gov.il//18/law/18_lst%20%20_171732..doc,https://fs.knesset.gov.il//18/law/18_lst_173358.doc,https://fs.knesset.gov.il//18/law/18_lst%20%20_173376..doc,https://fs.knesset.gov.il//18/law/18_lst_173620.doc,https://fs.knesset.gov.il//18/law/18_lst%20%20_173596..doc,https://fs.knesset.gov.il//18/law/18_lst_173360.doc,https://fs.knesset.gov.il//18/law/18_lst_180657.doc,https://fs.knesset.gov.il//18/law/18_lst_180528.doc,https://fs.knesset.gov.il//18/law/18_lst_181536.doc,https://fs.knesset.gov.il//18/law/18_lst_182043.doc,https://fs.knesset.gov.il//18/law/18_lst_183323.doc,https://fs.knesset.gov.il//18/law/18_lst_183900.doc,https://fs.knesset.gov.il//18/law/18_lst_185283.doc,https://fs.knesset.gov.il//18/law/18_lst_185950.doc,https://fs.knesset.gov.il//18/law/18_lst_187100.doc,https://fs.knesset.gov.il//18/law/18_lst_187101.doc,https://fs.knesset.gov.il//18/law/18_lst_188549.doc,https://fs.knesset.gov.il//18/law/18_lst_187668.doc,https://fs.knesset.gov.il//18/law/18_lst_187852.doc,https://fs.knesset.gov.il//18/law/18_lst_188323.doc,https://fs.knesset.gov.il//18/law/18_lst_199183.doc,https://fs.knesset.gov.il//18/law/18_lst_191090.doc,https://fs.knesset.gov.il//18/law/18_lst_199180.doc,https://fs.knesset.gov.il//18/law/18_lst_192148.doc,https://fs.knesset.gov.il//18/law/18_lst_196329.doc,https://fs.knesset.gov.il//18/law/18_lst_196332.doc,https://fs.knesset.gov.il//18/law/18_lst_199173.doc,https://fs.knesset.gov.il//18/law/18_lst_217145.doc,https://fs.knesset.gov.il//18/law/18_lst_201070.doc,https://fs.knesset.gov.il//18/law/18_lst_200584.doc,https://fs.knesset.gov.il//18/law/18_lst_203180.doc,https://fs.knesset.gov.il//18/law/18_lst_203179.doc,https://fs.knesset.gov.il//18/law/18_lst_203171.doc
שירות צבאי,https://fs.knesset.gov.il//18/law/18_lst%20%20_141915..doc,https://fs.knesset.gov.il//18/law/18_lst%20%20_142740.doc,https://fs.knesset.gov.il//18/law/18_lst%20%20_143186.doc,https://fs.knesset.gov.il//18/law/18_lst%20%20_143238.doc,https://fs.knesset.gov.il//18/law/18_lst%20%20_143552.doc,https://fs.knesset.gov.il//18/law/18_lst_143901.doc,https://fs.knesset.gov.il//18/law/18_lst%20%20_144166.doc,https://fs.knesset.gov.il//18/law/18_lst%20%20_144282.doc,https://fs.knesset.gov.il//18/law/18_lst%20%20_144647.doc,https://fs.knesset.gov.il//18/law/18_lst%20%20_145877.doc,https://fs.knesset.gov.il//18/law/18_lst_145981.doc,https://fs.knesset.gov.il//18/law/18_lst%20%20_147472.doc,https://fs.knesset.gov.il//18/law/18_lst%20%20_147625.doc,https://fs.knesset.gov.il//18/law/18_lst%20%20_147769.doc,https://fs.knesset.gov.il//18/law/18_lst%20%20_148081..doc,https://fs.knesset.gov.il//18/law/18_lst%20%20_148117.doc,https://fs.knesset.gov.il//18/law/18_lst%20%20_148388..doc,https://fs.knesset.gov.il//18/law/18_lst%20%20_148466.doc,https://fs.knesset.gov.il//18/law/18_lst%20%20_148493..doc,https://fs.knesset.gov.il//18/law/18_lst%20%20_162801..doc,https://fs.knesset.gov.il//18/law/18_lst%20%20_164691..doc,https://fs.knesset.gov.il//18/law/18_lst%20%20_165049..doc,https://fs.knesset.gov.il//18/law/18_lst%20%20_165050..doc,https://fs.knesset.gov.il//18/law/18_lst%20%20_167935..doc,https://fs.knesset.gov.il//18/law/18_lst%20%20_168753..doc,https://fs.knesset.gov.il//18/law/18_lst%20%20_169693..doc,https://fs.knesset.gov.il//18/law/18_lst_173276.doc,https://fs.knesset.gov.il//18/law/18_lst%20%20_173842..doc,https://fs.knesset.gov.il//18/law/18_lst_180776.doc,https://fs.knesset.gov.il//18/law/18_lst_180531.doc,https://fs.knesset.gov.il//18/law/18_lst_180532.doc,https://fs.knesset.gov.il//18/law/18_lst_182207.doc,https://fs.knesset.gov.il//18/law/18_lst_184230.doc,https://fs.knesset.gov.il//18/law/18_lst_184582.doc,https://fs.knesset.gov.il//18/law/18_lst_199172.doc,https://fs.knesset.gov.il//18/law/18_lst_200108.doc
מעמד אזרחי,https://fs.knesset.gov.il//18/law/18_lst%20%20_142968.doc,https://fs.knesset.gov.il//18/law/18_lst%20%20_143293.doc,https://fs.knesset.gov.il//18/law/18_lst%20%20_145293.doc,https://fs.knesset.gov.il//18/law/18_lst%20%20_146019.doc,https://fs.knesset.gov.il//18/law/18_lst%20%20_146256.doc,https://fs.knesset.gov.il//18/law/18_lst%20%20_146604.doc,https://fs.knesset.gov.il//18/law/18_lst%20%20_161385..doc,https://fs.knesset.gov.il//18/law/18_lst%20%20_161689..doc,https://fs.knesset.gov.il//18/law/18_lst%20%20_167821..doc,https://fs.knesset.gov.il//18/law/18_lst%20%20_167938..doc,https://fs.knesset.gov.il//18/law/18_lst%20%20_169379..doc,https://fs.knesset.gov.il//18/law/18_lst%20%20_169703..doc,https://fs.knesset.gov.il//18/law/18_lst%20%20_169730..doc,https://fs.knesset.gov.il//18/law/18_lst%20%20_169731..doc,https://fs.knesset.gov.il//18/law/18_lst_174277.doc,https://fs.knesset.gov.il//18/law/18_lst_181544.doc,https://fs.knesset.gov.il//18/law/18_lst_184584.doc,https://fs.knesset.gov.il//18/law/18_lst_185763.doc,https://fs.knesset.gov.il//18/law/18_lst_187432.doc,https://fs.knesset.gov.il//18/law/18_lst_187433.doc,https://fs.knesset.gov.il//18/law/18_lst_187515.doc,https://fs.knesset.gov.il//18/law/18_lst_202349.doc,https://fs.knesset.gov.il//18/law/18_lst_203190.doc
פיתוח אזורי,https://fs.knesset.gov.il//18/law/18_lst_567086.doc,https://fs.knesset.gov.il//18/law/18_lst_567091.doc,https://fs.knesset.gov.il//18/law/18_lst%20%20_141737.doc,https://fs.knesset.gov.il//18/law/18_lst%20%20_141897.doc,https://fs.knesset.gov.il//18/law/18_lst%20%20_141926.doc,https://fs.knesset.gov.il//18/law/18_lst%20%20_142001.doc,https://fs.knesset.gov.il//18/law/18_lst%20%20_142004.doc,https://fs.knesset.gov.il//18/law/18_lst%20%20_142620.doc,https://fs.knesset.gov.il//18/law/18_lst%20%20_142735.doc,https://fs.knesset.gov.il//18/law/18_lst%20%20_142838.doc,https://fs.knesset.gov.il//18/law/18_lst%20%20_142950.doc,https://fs.knesset.gov.il//18/law/18_lst%20%20_142976.doc,https://fs.knesset.gov.il//18/law/18_lst%20%20_143038.doc,https://fs.knesset.gov.il//18/law/18_lst%20%20_143595.doc,https://fs.knesset.gov.il//18/law/18_lst%20%20_143732.doc,https://fs.knesset.gov.il//18/law/18_lst%20%20_145738.doc,https://fs.knesset.gov.il//18/law/18_lst%20%20_145817.doc,https://fs.knesset.gov.il//18/law/18_lst%20%20_146515.doc,https://fs.knesset.gov.il//18/law/18_lst%20%20_146754.doc,https://fs.knesset.gov.il//18/law/18_lst%20%20_146903.doc,https://fs.knesset.gov.il//18/law/18_lst%20%20_146984.doc,https://fs.knesset.gov.il//18/law/18_lst%20%20_147008.doc,https://fs.knesset.gov.il//18/law/18_lst%20%20_147054.doc,https://fs.knesset.gov.il//18/law/18_lst%20%20_147192.doc,https://fs.knesset.gov.il//18/law/18_lst%20%20_147199.doc,https://fs.knesset.gov.il//18/law/18_lst%20%20_147552.doc,https://fs.knesset.gov.il//18/law/18_lst%20%20_147783.doc,https://fs.knesset.gov.il//18/law/18_lst%20%20_147808..doc,https://fs.knesset.gov.il//18/law/18_lst%20%20_147819.doc,https://fs.knesset.gov.il//18/law/18_lst%20%20_147851.doc,https://fs.knesset.gov.il//18/law/18_lst%20%20_147982..doc,https://fs.knesset.gov.il//18/law/18_lst%20%20_148042..doc,https://fs.knesset.gov.il//18/law/18_lst%20%20_148059.doc,https://fs.knesset.gov.il//18/law/18_lst%20%20_148060.doc,https://fs.knesset.gov.il//18/law/18_lst%20%20_148202.doc,https://fs.knesset.gov.il//18/law/18_lst%20%20_148301..doc,https://fs.knesset.gov.il//18/law/18_lst%20%20_148461..doc,https://fs.knesset.gov.il//18/law/18_lst%20%20_163690..doc,https://fs.knesset.gov.il//18/law/18_lst%20%20_164708..doc,https://fs.knesset.gov.il//18/law/18_lst%20%20_165253..doc,https://fs.knesset.gov.il//18/law/18_lst%20%20_165232..doc,https://fs.knesset.gov.il//18/law/18_lst%20%20_168649..doc,https://fs.knesset.gov.il//18/law/18_lst%20%20_169112..doc,https://fs.knesset.gov.il//18/law/18_lst%20%20_169317..doc,https://fs.knesset.gov.il//18/law/18_lst_182206.doc,https://fs.knesset.gov.il//18/law/18_lst_175484.doc,https://fs.knesset.gov.il//18/law/18_lst_175496.doc,https://fs.knesset.gov.il//18/law/18_lst_180174.doc,https://fs.knesset.gov.il//18/law/18_lst_180886.doc,https://fs.knesset.gov.il//18/law/18_lst_184556.doc,https://fs.knesset.gov.il//18/law/18_lst_184560.doc,https://fs.knesset.gov.il//18/law/18_lst_185978.doc,https://fs.knesset.gov.il//18/law/18_lst_194646.doc,https://fs.knesset.gov.il//18/law/18_lst_188955.doc,https://fs.knesset.gov.il//18/law/18_lst_196347.doc,https://fs.knesset.gov.il//18/law/18_lst_201072.doc,https://fs.knesset.gov.il//18/law/18_lst_202748.doc
בחירות,https://fs.knesset.gov.il//18/law/18_lst%20%20_141263..doc,https://fs.knesset.gov.il//18/law/18_lst%20%20_141529.doc,https://fs.knesset.gov.il//18/law/18_lst%20%20_141745.doc,https://fs.knesset.gov.il//18/law/18_lst%20%20_141751.doc,https://fs.knesset.gov.il//18/law/18_lst%20%20_141839.doc,https://fs.knesset.gov.il//18/law/18_lst%20%20_141880.doc,https://fs.knesset.gov.il//18/law/18_lst%20%20_142107.doc,https://fs.knesset.gov.il//18/law/18_lst%20%20_142702.doc,https://fs.knesset.gov.il//18/law/18_lst%20%20_142807.doc,https://fs.knesset.gov.il//18/law/18_lst%20%20_143348.doc,https://fs.knesset.gov.il//18/law/18_lst%20%20_143888.doc,https://fs.knesset.gov.il//18/law/18_lst%20%20_144509.doc,https://fs.knesset.gov.il//18/law/18_lst%20%20_144618..doc,https://fs.knesset.gov.il//18/law/18_lst%20%20_145000.doc,https://fs.knesset.gov.il//18/law/18_lst%20%20_145347.doc,https://fs.knesset.gov.il//18/law/18_lst%20%20_145642.doc,https://fs.knesset.gov.il//18/law/18_lst%20%20_146104.doc,https://fs.knesset.gov.il//18/law/18_lst%20%20_146518.doc,https://fs.knesset.gov.il//18/law/18_lst%20%20_147012.doc,https://fs.knesset.gov.il//18/law/18_lst%20%20_147033.doc,https://fs.knesset.gov.il//18/law/18_lst%20%20_147062.doc,https://fs.knesset.gov.il//18/law/18_lst%20%20_147109.doc,https://fs.knesset.gov.il//18/law/18_lst%20%20_147279.doc,https://fs.knesset.gov.il//18/law/18_lst%20%20_147307.doc,https://fs.knesset.gov.il//18/law/18_lst%20%20_147455.doc,https://fs.knesset.gov.il//18/law/18_lst%20%20_148077.doc,https://fs.knesset.gov.il//18/law/18_lst%20%20_148111..doc,https://fs.knesset.gov.il//18/law/18_lst%20%20_148345.doc,https://fs.knesset.gov.il//18/law/18_lst_161721.doc,https://fs.knesset.gov.il//18/law/18_lst%20%20_164688..doc,https://fs.knesset.gov.il//18/law/18_lst%20%20_167648..doc,https://fs.knesset.gov.il//18/law/18_lst%20%20_167569..doc,https://fs.knesset.gov.il//18/law/18_lst%20%20_170767..doc,https://fs.knesset.gov.il//18/law/18_lst%20%20_170779..doc,https://fs.knesset.gov.il//18/law/18_lst%20%20_171204..doc,https://fs.knesset.gov.il//18/law/18_lst%20%20_171410..doc,https://fs.knesset.gov.il//18/law/18_lst%20%20_172068..doc,https://fs.knesset.gov.il//18/law/18_lst%20%20_172082..doc,https://fs.knesset.gov.il//18/law/18_lst%20%20_171417..doc,https://fs.knesset.gov.il//18/law/18_lst%20%20_172091..doc,https://fs.knesset.gov.il//18/law/18_lst%20%20_173021..doc,https://fs.knesset.gov.il//18/law/18_lst_172707.doc,https://fs.knesset.gov.il//18/law/18_lst_173039.doc,https://fs.knesset.gov.il//18/law/18_lst%20%20_173606..doc,https://fs.knesset.gov.il//18/law/18_lst%20%20_173728..doc,https://fs.knesset.gov.il//18/law/18_lst_173849.doc,https://fs.knesset.gov.il//18/law/18_lst_175492.doc,https://fs.knesset.gov.il//18/law/18_lst_175649.doc,https://fs.knesset.gov.il//18/law/18_lst_175650.doc,https://fs.knesset.gov.il//18/law/18_lst_180517.doc,https://fs.knesset.gov.il//18/law/18_lst_181537.doc,https://fs.knesset.gov.il//18/law/18_lst_185949.doc,https://fs.knesset.gov.il//18/law/18_lst_186808.doc,https://fs.knesset.gov.il//18/law/18_lst_186813.doc,https://fs.knesset.gov.il//18/law/18_lst_194643.doc,https://fs.knesset.gov.il//18/law/18_lst_202346.doc,https://fs.knesset.gov.il//18/law/18_lst_202357.doc,https://fs.knesset.gov.il//18/law/18_lst_203195.doc,https://fs.knesset.gov.il//18/law/18_lst_217367.doc,https://fs.knesset.gov.il//18/law/18_lst_217154.doc
זכויות אדם,https://fs.knesset.gov.il//18/law/18_lst%20%20_141917.doc,https://fs.knesset.gov.il//18/law/18_lst%20%20_142608.doc,https://fs.knesset.gov.il//18/law/18_lst%20%20_142793.doc,https://fs.knesset.gov.il//18/law/18_lst%20%20_142932.doc,https://fs.knesset.gov.il//18/law/18_lst%20%20_142935..doc,https://fs.knesset.gov.il//18/law/18_lst%20%20_144305.doc,https://fs.knesset.gov.il//18/law/18_lst%20%20_144463.doc,https://fs.knesset.gov.il//18/law/18_lst%20%20_144485.doc,https://fs.knesset.gov.il//18/law/18_lst%20%20_144521.doc,https://fs.knesset.gov.il//18/law/18_lst%20%20_144733.doc,https://fs.knesset.gov.il//18/law/18_lst%20%20_145112.doc,https://fs.knesset.gov.il//18/law/18_lst%20%20_145326.doc,https://fs.knesset.gov.il//18/law/18_lst%20%20_145454.doc,https://fs.knesset.gov.il//18/law/18_lst%20%20_145742.doc,https://fs.knesset.gov.il//18/law/18_lst%20%20_146280.doc,https://fs.knesset.gov.il//18/law/18_lst%20%20_146402.doc,https://fs.knesset.gov.il//18/law/18_lst%20%20_146569.doc,https://fs.knesset.gov.il//18/law/18_lst%20%20_146617.doc,https://fs.knesset.gov.il//18/law/18_lst%20%20_146637..doc,https://fs.knesset.gov.il//18/law/18_lst%20%20_146843.doc,https://fs.knesset.gov.il//18/law/18_lst%20%20_146900.doc,https://fs.knesset.gov.il//18/law/18_lst%20%20_146916..doc,https://fs.knesset.gov.il//18/law/18_lst%20%20_146929.doc,https://fs.knesset.gov.il//18/law/18_lst%20%20_146938.doc,https://fs.knesset.gov.il//18/law/18_lst%20%20_146967.doc,https://fs.knesset.gov.il//18/law/18_lst%20%20_147126.doc,https://fs.knesset.gov.il//18/law/18_lst%20%20_147136.doc,https://fs.knesset.gov.il//18/law/18_lst_147396.doc,https://fs.knesset.gov.il//18/law/18_lst_147831.doc,https://fs.knesset.gov.il//18/law/18_lst%20%20_148227.doc,https://fs.knesset.gov.il//18/law/18_lst%20%20_148364.doc,https://fs.knesset.gov.il//18/law/18_lst%20%20_165073..doc,https://fs.knesset.gov.il//18/law/18_lst_161704.doc,https://fs.knesset.gov.il//18/law/18_lst%20%20_161315..doc,https://fs.knesset.gov.il//18/law/18_lst%20%20_163239..doc,https://fs.knesset.gov.il//18/law/18_lst%20%20_164469..doc,https://fs.knesset.gov.il//18/law/18_lst%20%20_165596..doc,https://fs.knesset.gov.il//18/law/18_lst%20%20_166630..doc,https://fs.knesset.gov.il//18/law/18_lst%20%20_168240..doc,https://fs.knesset.gov.il//18/law/18_lst%20%20_169262..doc,https://fs.knesset.gov.il//18/law/18_lst_168748.doc,https://fs.knesset.gov.il//18/law/18_lst%20%20_169524..doc,https://fs.knesset.gov.il//18/law/18_lst%20%20_169722..doc,https://fs.knesset.gov.il//18/law/18_lst%20%20_169487..doc,https://fs.knesset.gov.il//18/law/18_lst%20%20_170771..doc,https://fs.knesset.gov.il//18/law/18_lst%20%20_173617..doc,https://fs.knesset.gov.il//18/law/18_lst_174129.doc,https://fs.knesset.gov.il//18/law/18_lst_180543.doc,https://fs.knesset.gov.il//18/law/18_lst_181922.doc,https://fs.knesset.gov.il//18/law/18_lst_182224.doc,https://fs.knesset.gov.il//18/law/18_lst_182451.doc,https://fs.knesset.gov.il//18/law/18_lst_183324.doc,https://fs.knesset.gov.il//18/law/18_lst_183330.doc,https://fs.knesset.gov.il//18/law/18_lst_183582.doc,https://fs.knesset.gov.il//18/law/18_lst_185751.doc,https://fs.knesset.gov.il//18/law/18_lst_185086.doc,https://fs.knesset.gov.il//18/law/18_lst_184762.doc,https://fs.knesset.gov.il//18/law/18_lst_217373.doc,https://fs.knesset.gov.il//18/law/18_lst_201073.doc,https://fs.knesset.gov.il//18/law/18_lst_217351.doc,https://fs.knesset.gov.il//18/law/18_lst_201069.doc,https://fs.knesset.gov.il//18/law/18_lst_201067.doc,https://fs.knesset.gov.il//18/law/18_lst_201080.doc,https://fs.knesset.gov.il//18/law/18_lst_201081.doc,https://fs.knesset.gov.il//18/law/18_lst_201078.doc
עבירות מין,https://fs.knesset.gov.il//18/law/18_lst%20%20_141821..doc,https://fs.knesset.gov.il//18/law/18_lst%20%20_141828.doc,https://fs.knesset.gov.il//18/law/18_lst%20%20_141909.doc,https://fs.knesset.gov.il//18/law/18_lst%20%20_142002.doc,https://fs.knesset.gov.il//18/law/18_lst%20%20_142627.doc,https://fs.knesset.gov.il//18/law/18_lst%20%20_142652.doc,https://fs.knesset.gov.il//18/law/18_lst%20%20_143352.doc,https://fs.knesset.gov.il//18/law/18_lst%20%20_143527.doc,https://fs.knesset.gov.il//18/law/18_lst%20%20_143535.doc,https://fs.knesset.gov.il//18/law/18_lst%20%20_143562.doc,https://fs.knesset.gov.il//18/law/18_lst%20%20_144060.doc,https://fs.knesset.gov.il//18/law/18_lst%20%20_144291..doc,https://fs.knesset.gov.il//18/law/18_lst%20%20_145217.doc,https://fs.knesset.gov.il//18/law/18_lst%20%20_145529.doc,https://fs.knesset.gov.il//18/law/18_lst%20%20_145686.doc,https://fs.knesset.gov.il//18/law/18_lst%20%20_145885.doc,https://fs.knesset.gov.il//18/law/18_lst%20%20_145909.doc,https://fs.knesset.gov.il//18/law/18_lst%20%20_145913.doc,https://fs.knesset.gov.il//18/law/18_lst%20%20_145919.doc,https://fs.knesset.gov.il//18/law/18_lst%20%20_145962.doc,https://fs.knesset.gov.il//18/law/18_lst%20%20_146253..doc,https://fs.knesset.gov.il//18/law/18_lst%20%20_146373.doc,https://fs.knesset.gov.il//18/law/18_lst%20%20_146533.doc,https://fs.knesset.gov.il//18/law/18_lst%20%20_146542.doc,https://fs.knesset.gov.il//18/law/18_lst%20%20_146551.doc,https://fs.knesset.gov.il//18/law/18_lst%20%20_146571.doc,https://fs.knesset.gov.il//18/law/18_lst%20%20_146670.doc,https://fs.knesset.gov.il//18/law/18_lst%20%20_146714.doc,https://fs.knesset.gov.il//18/law/18_lst%20%20_146934.doc,https://fs.knesset.gov.il//18/law/18_lst%20%20_147050..doc,https://fs.knesset.gov.il//18/law/18_lst%20%20_147074..doc,https://fs.knesset.gov.il//18/law/18_lst%20%20_147117..doc,https://fs.knesset.gov.il//18/law/18_lst_147257..doc,https://fs.knesset.gov.il//18/law/18_lst%20%20_147642.doc,https://fs.knesset.gov.il//18/law/18_lst%20%20_148354.doc,https://fs.knesset.gov.il//18/law/18_lst%20%20_162074..doc,https://fs.knesset.gov.il//18/law/18_lst%20%20_166081..doc,https://fs.knesset.gov.il//18/law/18_lst%20%20_165470..doc,https://fs.knesset.gov.il//18/law/18_lst%20%20_166073..doc,https://fs.knesset.gov.il//18/law/18_lst%20%20_166919..doc,https://fs.knesset.gov.il//18/law/18_lst%20%20_167949..doc,https://fs.knesset.gov.il//18/law/18_lst%20%20_167568..doc,https://fs.knesset.gov.il//18/law/18_lst_167642.doc,https://fs.knesset.gov.il//18/law/18_lst%20%20_169251..doc,https://fs.knesset.gov.il//18/law/18_lst%20%20_168752..doc,https://fs.knesset.gov.il//18/law/18_lst%20%20_169758..doc,https://fs.knesset.gov.il//18/law/18_lst%20%20_170488..doc,https://fs.knesset.gov.il//18/law/18_lst_173595.doc,https://fs.knesset.gov.il//18/law/18_lst_173604.doc,https://fs.knesset.gov.il//18/law/18_lst%20%20_173670..doc,https://fs.knesset.gov.il//18/law/18_lst_185668.doc,https://fs.knesset.gov.il//18/law/18_lst_182750.doc,https://fs.knesset.gov.il//18/law/18_lst_186603.doc,https://fs.knesset.gov.il//18/law/18_lst_183702.doc,https://fs.knesset.gov.il//18/law/18_lst_184228.doc,https://fs.knesset.gov.il//18/law/18_lst_187665.doc,https://fs.knesset.gov.il//18/law/18_lst_187034.doc,https://fs.knesset.gov.il//18/law/18_lst_187117.doc,https://fs.knesset.gov.il//18/law/18_lst_188551.doc,https://fs.knesset.gov.il//18/law/18_lst_196359.doc,https://fs.knesset.gov.il//18/law/18_lst_217347.doc,https://fs.knesset.gov.il//18/law/18_lst_217151.doc,https://fs.knesset.gov.il//18/law/18_lst_216205.doc,https://fs.knesset.gov.il//18/law/18_lst_217132.doc,https://fs.knesset.gov.il//18/law/18_lst_217356.doc,https://fs.knesset.gov.il//18/law/18_lst_203184.doc,https://fs.knesset.gov.il//18/law/18_lst_217144.doc,https://fs.knesset.gov.il//18/law/18_lst_217368.doc
תכנון ובנייה,https://fs.knesset.gov.il//18/law/18_lst%20%20_143779.doc,https://fs.knesset.gov.il//18/law/18_lst%20%20_145728.doc,https://fs.knesset.gov.il//18/law/18_lst%20%20_146191.doc,https://fs.knesset.gov.il//18/law/18_lst%20%20_146817.doc,https://fs.knesset.gov.il//18/law/18_lst%20%20_146830.doc,https://fs.knesset.gov.il//18/law/18_lst%20%20_147331.doc,https://fs.knesset.gov.il//18/law/18_lst%20%20_147403.doc,https://fs.knesset.gov.il//18/law/18_lst%20%20_147407.doc,https://fs.knesset.gov.il//18/law/18_lst%20%20_147639.doc,https://fs.knesset.gov.il//18/law/18_lst_147826.doc,https://fs.knesset.gov.il//18/law/18_lst%20%20_166920..doc,https://fs.knesset.gov.il//18/law/18_lst%20%20_167646..doc,https://fs.knesset.gov.il//18/law/18_lst%20%20_168544..doc,https://fs.knesset.gov.il//18/law/18_lst%20%20_169586..doc,https://fs.knesset.gov.il//18/law/18_lst%20%20_169742..doc,https://fs.knesset.gov.il//18/law/18_lst%20%20_169740..doc,https://fs.knesset.gov.il//18/law/18_lst%20%20_169741..doc,https://fs.knesset.gov.il//18/law/18_lst%20%20_169747..doc,https://fs.knesset.gov.il//18/law/18_lst%20%20_169749..doc,https://fs.knesset.gov.il//18/law/18_lst_170768.doc,https://fs.knesset.gov.il//18/law/18_lst%20%20_170412..doc,https://fs.knesset.gov.il//18/law/18_lst%20%20_172036..doc,https://fs.knesset.gov.il//18/law/18_lst_182757.doc,https://fs.knesset.gov.il//18/law/18_lst_173598.doc,https://fs.knesset.gov.il//18/law/18_lst_173599.doc,https://fs.knesset.gov.il//18/law/18_lst_173848.doc,https://fs.knesset.gov.il//18/law/18_lst_175493.doc,https://fs.knesset.gov.il//18/law/18_lst_180313.doc,https://fs.knesset.gov.il//18/law/18_lst_181598.doc,https://fs.knesset.gov.il//18/law/18_lst_187649.doc,https://fs.knesset.gov.il//18/law/18_lst_217148.doc,https://fs.knesset.gov.il//18/law/18_lst_188957.doc,https://fs.knesset.gov.il//18/law/18_lst_202345.doc,https://fs.knesset.gov.il//18/law/18_lst_202340.doc
חינוך,https://fs.knesset.gov.il//18/law/18_lst%20%20_141219.doc,https://fs.knesset.gov.il//18/law/18_lst%20%20_141401.doc,https://fs.knesset.gov.il//18/law/18_lst%20%20_141788.doc,https://fs.knesset.gov.il//18/law/18_lst%20%20_142546.doc,https://fs.knesset.gov.il//18/law/18_lst%20%20_142642.doc,https://fs.knesset.gov.il//18/law/18_lst%20%20_142786.doc,https://fs.knesset.gov.il//18/law/18_lst%20%20_143259..doc,https://fs.knesset.gov.il//18/law/18_lst%20%20_143539.doc,https://fs.knesset.gov.il//18/law/18_lst%20%20_143549.doc,https://fs.knesset.gov.il//18/law/18_lst%20%20_143891.doc,https://fs.knesset.gov.il//18/law/18_lst%20%20_144658.doc,https://fs.knesset.gov.il//18/law/18_lst%20%20_146094.doc,https://fs.knesset.gov.il//18/law/18_lst%20%20_146132.doc,https://fs.knesset.gov.il//18/law/18_lst%20%20_146182.doc,https://fs.knesset.gov.il//18/law/18_lst%20%20_146361.doc,https://fs.knesset.gov.il//18/law/18_lst%20%20_146508..doc,https://fs.knesset.gov.il//18/law/18_lst%20%20_146531.doc,https://fs.knesset.gov.il//18/law/18_lst_146910.doc,https://fs.knesset.gov.il//18/law/18_lst%20%20_147124..doc,https://fs.knesset.gov.il//18/law/18_lst%20%20_147222.doc,https://fs.knesset.gov.il//18/law/18_lst%20%20_147268.doc,https://fs.knesset.gov.il//18/law/18_lst%20%20_147324.doc,https://fs.knesset.gov.il//18/law/18_lst_147341.doc,https://fs.knesset.gov.il//18/law/18_lst%20%20_147372.doc,https://fs.knesset.gov.il//18/law/18_lst%20%20_147375.doc,https://fs.knesset.gov.il//18/law/18_lst%20%20_147378.doc,https://fs.knesset.gov.il//18/law/18_lst%20%20_147395.doc,https://fs.knesset.gov.il//18/law/18_lst%20%20_147412.doc,https://fs.knesset.gov.il//18/law/18_lst_147449.doc,https://fs.knesset.gov.il//18/law/18_lst%20%20_147471..doc,https://fs.knesset.gov.il//18/law/18_lst%20%20_147703.doc,https://fs.knesset.gov.il//18/law/18_lst%20%20_147734.doc,https://fs.knesset.gov.il//18/law/18_lst%20%20_147920.doc,https://fs.knesset.gov.il//18/law/18_lst%20%20_147924.doc,https://fs.knesset.gov.il//18/law/18_lst%20%20_148323.doc,https://fs.knesset.gov.il//18/law/18_lst%20%20_148331..doc,https://fs.knesset.gov.il//18/law/18_lst%20%20_148335.doc,https://fs.knesset.gov.il//18/law/18_lst%20%20_148341.doc,https://fs.knesset.gov.il//18/law/18_lst%20%20_148344.doc,https://fs.knesset.gov.il//18/law/18_lst%20%20_148394..doc,https://fs.knesset.gov.il//18/law/18_lst%20%20_148395.doc,https://fs.knesset.gov.il//18/law/18_lst%20%20_148420.doc,https://fs.knesset.gov.il//18/law/18_lst%20%20_163040..doc,https://fs.knesset.gov.il//18/law/18_lst_164142.doc,https://fs.knesset.gov.il//18/law/18_lst%20%20_164908..doc,https://fs.knesset.gov.il//18/law/18_lst%20%20_165048..doc,https://fs.knesset.gov.il//18/law/18_lst%20%20_165237..doc,https://fs.knesset.gov.il//18/law/18_lst%20%20_165605..doc,https://fs.knesset.gov.il//18/law/18_lst%20%20_167412..doc,https://fs.knesset.gov.il//18/law/18_lst_167820.doc,https://fs.knesset.gov.il//18/law/18_lst%20%20_167654..doc,https://fs.knesset.gov.il//18/law/18_lst%20%20_168237..doc,https://fs.knesset.gov.il//18/law/18_lst%20%20_167408..doc,https://fs.knesset.gov.il//18/law/18_lst%20%20_169295..doc,https://fs.knesset.gov.il//18/law/18_lst%20%20_169706..doc,https://fs.knesset.gov.il//18/law/18_lst%20%20_169729..doc,https://fs.knesset.gov.il//18/law/18_lst%20%20_169701..doc,https://fs.knesset.gov.il//18/law/18_lst%20%20_169700..doc,https://fs.knesset.gov.il//18/law/18_lst%20%20_169697..doc,https://fs.knesset.gov.il//18/law/18_lst%20%20_169732..doc,https://fs.knesset.gov.il//18/law/18_lst%20%20_169727..doc,https://fs.knesset.gov.il//18/law/18_lst%20%20_169728..doc,https://fs.knesset.gov.il//18/law/18_lst%20%20_169496..doc,https://fs.knesset.gov.il//18/law/18_lst%20%20_170275..doc,https://fs.knesset.gov.il//18/law/18_lst%20%20_171205..doc,https://fs.knesset.gov.il//18/law/18_lst_171655.doc,https://fs.knesset.gov.il//18/law/18_lst%20%20_172994..doc,https://fs.knesset.gov.il//18/law/18_lst%20%20_173050..doc,https://fs.knesset.gov.il//18/law/18_lst_173605.doc,https://fs.knesset.gov.il//18/law/18_lst_173859.doc,https://fs.knesset.gov.il//18/law/18_lst_180518.doc,https://fs.knesset.gov.il//18/law/18_lst_184751.doc,https://fs.knesset.gov.il//18/law/18_lst_184752.doc,https://fs.knesset.gov.il//18/law/18_lst_184761.doc,https://fs.knesset.gov.il//18/law/18_lst_184763.doc,https://fs.knesset.gov.il//18/law/18_lst_184764.doc,https://fs.knesset.gov.il//18/law/18_lst_185756.doc,https://fs.knesset.gov.il//18/law/18_lst_186809.doc,https://fs.knesset.gov.il//18/law/18_lst_185952.doc,https://fs.knesset.gov.il//18/law/18_lst_187647.doc,https://fs.knesset.gov.il//18/law/18_lst_187850.doc,https://fs.knesset.gov.il//18/law/18_lst_199184.doc,https://fs.knesset.gov.il//18/law/18_lst_199175.doc,https://fs.knesset.gov.il//18/law/18_lst_217370.doc,https://fs.knesset.gov.il//18/law/18_lst_217152.doc,https://fs.knesset.gov.il//18/law/18_lst_203181.doc,https://fs.knesset.gov.il//18/law/18_lst_201894.doc,https://fs.knesset.gov.il//18/law/18_lst_203177.doc,https://fs.knesset.gov.il//18/law/18_lst_217122.doc
מינוי בכירים,https://fs.knesset.gov.il//18/law/18_lst%20%20_141477.doc,https://fs.knesset.gov.il//18/law/18_lst%20%20_141913.doc,https://fs.knesset.gov.il//18/law/18_lst%20%20_142937.doc,https://fs.knesset.gov.il//18/law/18_lst%20%20_142941.doc,https://fs.knesset.gov.il//18/law/18_lst%20%20_142983.doc,https://fs.knesset.gov.il//18/law/18_lst%20%20_145329.doc,https://fs.knesset.gov.il//18/law/18_lst%20%20_146391.doc,https://fs.knesset.gov.il//18/law/18_lst%20%20_146540..doc,https://fs.knesset.gov.il//18/law/18_lst%20%20_146580.doc,https://fs.knesset.gov.il//18/law/18_lst%20%20_146687.doc,https://fs.knesset.gov.il//18/law/18_lst%20%20_146695.doc,https://fs.knesset.gov.il//18/law/18_lst%20%20_146723.doc,https://fs.knesset.gov.il//18/law/18_lst_146918.doc,https://fs.knesset.gov.il//18/law/18_lst%20%20_146935.doc,https://fs.knesset.gov.il//18/law/18_lst%20%20_147010.doc,https://fs.knesset.gov.il//18/law/18_lst%20%20_147039.doc,https://fs.knesset.gov.il//18/law/18_lst%20%20_147336.doc,https://fs.knesset.gov.il//18/law/18_lst%20%20_147477.doc,https://fs.knesset.gov.il//18/law/18_lst%20%20_147592.doc,https://fs.knesset.gov.il//18/law/18_lst%20%20_147609.doc,https://fs.knesset.gov.il//18/law/18_lst%20%20_147728.doc,https://fs.knesset.gov.il//18/law/18_lst%20%20_147919.doc,https://fs.knesset.gov.il//18/law/18_lst%20%20_147931.doc,https://fs.knesset.gov.il//18/law/18_lst%20%20_148040.doc,https://fs.knesset.gov.il//18/law/18_lst%20%20_148130.doc,https://fs.knesset.gov.il//18/law/18_lst%20%20_148248.doc,https://fs.knesset.gov.il//18/law/18_lst%20%20_148382..doc,https://fs.knesset.gov.il//18/law/18_lst_148416.doc,https://fs.knesset.gov.il//18/law/18_lst%20%20_161383..doc,https://fs.knesset.gov.il//18/law/18_lst%20%20_163685..doc,https://fs.knesset.gov.il//18/law/18_lst%20%20_164479..doc,https://fs.knesset.gov.il//18/law/18_lst%20%20_163270..doc,https://fs.knesset.gov.il//18/law/18_lst%20%20_163418..doc,https://fs.knesset.gov.il//18/law/18_lst%20%20_164474..doc,https://fs.knesset.gov.il//18/law/18_lst%20%20_164471..doc,https://fs.knesset.gov.il//18/law/18_lst%20%20_165471..doc,https://fs.knesset.gov.il//18/law/18_lst%20%20_168284..doc,https://fs.knesset.gov.il//18/law/18_lst%20%20_169309..doc,https://fs.knesset.gov.il//18/law/18_lst%20%20_170282..doc,https://fs.knesset.gov.il//18/law/18_lst%20%20_171202..doc,https://fs.knesset.gov.il//18/law/18_lst%20%20_171574..doc,https://fs.knesset.gov.il//18/law/18_lst_173277.doc,https://fs.knesset.gov.il//18/law/18_lst%20%20_172722..doc,https://fs.knesset.gov.il//18/law/18_lst_173730.doc,https://fs.knesset.gov.il//18/law/18_lst_173840.doc,https://fs.knesset.gov.il//18/law/18_lst_173841.doc,https://fs.knesset.gov.il//18/law/18_lst_173834.doc,https://fs.knesset.gov.il//18/law/18_lst_173994.doc,https://fs.knesset.gov.il//18/law/18_lst_174159.doc,https://fs.knesset.gov.il//18/law/18_lst_180658.doc,https://fs.knesset.gov.il//18/law/18_lst_180650.doc,https://fs.knesset.gov.il//18/law/18_lst_180780.doc,https://fs.knesset.gov.il//18/law/18_lst_181542.doc,https://fs.knesset.gov.il//18/law/18_lst_184732.doc,https://fs.knesset.gov.il//18/law/18_lst_183581.doc,https://fs.knesset.gov.il//18/law/18_lst_184222.doc,https://fs.knesset.gov.il//18/law/18_lst_184727.doc,https://fs.knesset.gov.il//18/law/18_lst_185255.doc,https://fs.knesset.gov.il//18/law/18_lst_186251.doc,https://fs.knesset.gov.il//18/law/18_lst_186549.doc,https://fs.knesset.gov.il//18/law/18_lst_199160.doc,https://fs.knesset.gov.il//18/law/18_lst_196328.doc,https://fs.knesset.gov.il//18/law/18_lst_200111.doc,https://fs.knesset.gov.il//18/law/18_lst_216729.doc,https://fs.knesset.gov.il//18/law/18_lst_202754.doc,https://fs.knesset.gov.il//18/law/18_lst_202350.doc,https://fs.knesset.gov.il//18/law/18_lst_217155.doc,https://fs.knesset.gov.il//18/law/18_lst_217143.doc
מורשת יהודית,https://fs.knesset.gov.il//18/law/18_lst%20%20_141974.doc,https://fs.knesset.gov.il//18/law/18_lst%20%20_142583.doc,https://fs.knesset.gov.il//18/law/18_lst%20%20_143034.doc,https://fs.knesset.gov.il//18/law/18_lst%20%20_143200.doc,https://fs.knesset.gov.il//18/law/18_lst%20%20_143301..doc,https://fs.knesset.gov.il//18/law/18_lst%20%20_143894.doc,https://fs.knesset.gov.il//18/law/18_lst_143923.doc,https://fs.knesset.gov.il//18/law/18_lst%20%20_143939.doc,https://fs.knesset.gov.il//18/law/18_lst%20%20_143962.doc,https://fs.knesset.gov.il//18/law/18_lst%20%20_144258.doc,https://fs.knesset.gov.il//18/law/18_lst%20%20_144293.doc,https://fs.knesset.gov.il//18/law/18_lst%20%20_144472.doc,https://fs.knesset.gov.il//18/law/18_lst%20%20_144672.doc,https://fs.knesset.gov.il//18/law/18_lst%20%20_144794.doc,https://fs.knesset.gov.il//18/law/18_lst%20%20_145154..doc,https://fs.knesset.gov.il//18/law/18_lst%20%20_145156..doc,https://fs.knesset.gov.il//18/law/18_lst%20%20_145158.doc,https://fs.knesset.gov.il//18/law/18_lst%20%20_145160.doc,https://fs.knesset.gov.il//18/law/18_lst%20%20_145279.doc,https://fs.knesset.gov.il//18/law/18_lst%20%20_145388.doc,https://fs.knesset.gov.il//18/law/18_lst%20%20_145391.doc,https://fs.knesset.gov.il//18/law/18_lst_145619.doc,https://fs.knesset.gov.il//18/law/18_lst%20%20_146369.doc,https://fs.knesset.gov.il//18/law/18_lst%20%20_146657..doc,https://fs.knesset.gov.il//18/law/18_lst%20%20_146838.doc,https://fs.knesset.gov.il//18/law/18_lst%20%20_147046.doc,https://fs.knesset.gov.il//18/law/18_lst_147276.doc,https://fs.knesset.gov.il//18/law/18_lst%20%20_147509..doc,https://fs.knesset.gov.il//18/law/18_lst%20%20_167943..doc,https://fs.knesset.gov.il//18/law/18_lst%20%20_147649.doc,https://fs.knesset.gov.il//18/law/18_lst%20%20_147662.doc,https://fs.knesset.gov.il//18/law/18_lst%20%20_166607..doc,https://fs.knesset.gov.il//18/law/18_lst%20%20_162073..doc,https://fs.knesset.gov.il//18/law/18_lst%20%20_164679..doc,https://fs.knesset.gov.il//18/law/18_lst%20%20_163413..doc,https://fs.knesset.gov.il//18/law/18_lst%20%20_166409..doc,https://fs.knesset.gov.il//18/law/18_lst%20%20_169724..doc,https://fs.knesset.gov.il//18/law/18_lst%20%20_169738..doc,https://fs.knesset.gov.il//18/law/18_lst%20%20_169737..doc,https://fs.knesset.gov.il//18/law/18_lst%20%20_169733..doc,https://fs.knesset.gov.il//18/law/18_lst_169579.doc,https://fs.knesset.gov.il//18/law/18_lst_169975.doc,https://fs.knesset.gov.il//18/law/18_lst%20%20_170292..doc,https://fs.knesset.gov.il//18/law/18_lst%20%20_173329..doc,https://fs.knesset.gov.il//18/law/18_lst%20%20_173607..doc,https://fs.knesset.gov.il//18/law/18_lst_180173.doc,https://fs.knesset.gov.il//18/law/18_lst_180949.doc,https://fs.knesset.gov.il//18/law/18_lst_186812.doc,https://fs.knesset.gov.il//18/law/18_lst_187024.doc,https://fs.knesset.gov.il//18/law/18_lst_187430.doc,https://fs.knesset.gov.il//18/law/18_lst_188320.doc,https://fs.knesset.gov.il//18/law/18_lst_188875.doc,https://fs.knesset.gov.il//18/law/18_lst_194640.doc,https://fs.knesset.gov.il//18/law/18_lst_191382.doc,https://fs.knesset.gov.il//18/law/18_lst_199171.doc,https://fs.knesset.gov.il//18/law/18_lst_203188.doc,https://fs.knesset.gov.il//18/law/18_lst_216714.doc,https://fs.knesset.gov.il//18/law/18_lst_217123.doc,https://fs.knesset.gov.il//18/law/18_lst_217350.doc
דת ומדינה,https://fs.knesset.gov.il//18/law/18_lst%20%20_141398.doc,https://fs.knesset.gov.il//18/law/18_lst%20%20_141434.doc,https://fs.knesset.gov.il//18/law/18_lst%20%20_141785.doc,https://fs.knesset.gov.il//18/law/18_lst%20%20_141790.doc,https://fs.knesset.gov.il//18/law/18_lst%20%20_141792.doc,https://fs.knesset.gov.il//18/law/18_lst%20%20_141819.doc,https://fs.knesset.gov.il//18/law/18_lst%20%20_141849.doc,https://fs.knesset.gov.il//18/law/18_lst%20%20_142517.doc,https://fs.knesset.gov.il//18/law/18_lst%20%20_142577.doc,https://fs.knesset.gov.il//18/law/18_lst%20%20_142586..doc,https://fs.knesset.gov.il//18/law/18_lst%20%20_142632.doc,https://fs.knesset.gov.il//18/law/18_lst%20%20_142796.doc,https://fs.knesset.gov.il//18/law/18_lst%20%20_143040.doc,https://fs.knesset.gov.il//18/law/18_lst%20%20_143439.doc,https://fs.knesset.gov.il//18/law/18_lst%20%20_143543.doc,https://fs.knesset.gov.il//18/law/18_lst%20%20_143641.doc,https://fs.knesset.gov.il//18/law/18_lst%20%20_143952.doc,https://fs.knesset.gov.il//18/law/18_lst%20%20_144062.doc,https://fs.knesset.gov.il//18/law/18_lst%20%20_145290.doc,https://fs.knesset.gov.il//18/law/18_lst%20%20_145297.doc,https://fs.knesset.gov.il//18/law/18_lst%20%20_145761.doc,https://fs.knesset.gov.il//18/law/18_lst%20%20_146061.doc,https://fs.knesset.gov.il//18/law/18_lst%20%20_146459..doc,https://fs.knesset.gov.il//18/law/18_lst%20%20_146511.doc,https://fs.knesset.gov.il//18/law/18_lst%20%20_146546.doc,https://fs.knesset.gov.il//18/law/18_lst%20%20_146630.doc,https://fs.knesset.gov.il//18/law/18_lst%20%20_146662.doc,https://fs.knesset.gov.il//18/law/18_lst%20%20_146866.doc,https://fs.knesset.gov.il//18/law/18_lst%20%20_147036..doc,https://fs.knesset.gov.il//18/law/18_lst%20%20_147157.doc,https://fs.knesset.gov.il//18/law/18_lst%20%20_147231.doc,https://fs.knesset.gov.il//18/law/18_lst%20%20_147390.doc,https://fs.knesset.gov.il//18/law/18_lst%20%20_147793.doc,https://fs.knesset.gov.il//18/law/18_lst%20%20_147812..doc,https://fs.knesset.gov.il//18/law/18_lst%20%20_147877.doc,https://fs.knesset.gov.il//18/law/18_lst%20%20_148195.doc,https://fs.knesset.gov.il//18/law/18_lst%20%20_148208.doc,https://fs.knesset.gov.il//18/law/18_lst%20%20_161702..doc,https://fs.knesset.gov.il//18/law/18_lst%20%20_165227..doc,https://fs.knesset.gov.il//18/law/18_lst%20%20_164690..doc,https://fs.knesset.gov.il//18/law/18_lst%20%20_166921..doc,https://fs.knesset.gov.il//18/law/18_lst%20%20_169704..doc,https://fs.knesset.gov.il//18/law/18_lst%20%20_169111..doc,https://fs.knesset.gov.il//18/law/18_lst_169094.doc,https://fs.knesset.gov.il//18/law/18_lst%20%20_169748..doc,https://fs.knesset.gov.il//18/law/18_lst%20%20_169690..doc,https://fs.knesset.gov.il//18/law/18_lst%20%20_169711..doc,https://fs.knesset.gov.il//18/law/18_lst%20%20_169712..doc,https://fs.knesset.gov.il//18/law/18_lst_187428.doc,https://fs.knesset.gov.il//18/law/18_lst%20%20_170494..doc,https://fs.knesset.gov.il//18/law/18_lst%20%20_171649..doc,https://fs.knesset.gov.il//18/law/18_lst_171731.doc,https://fs.knesset.gov.il//18/law/18_lst_171728.doc,https://fs.knesset.gov.il//18/law/18_lst_173575.doc,https://fs.knesset.gov.il//18/law/18_lst%20%20_173726..doc,https://fs.knesset.gov.il//18/law/18_lst%20%20_173858..doc,https://fs.knesset.gov.il//18/law/18_lst_173998.doc,https://fs.knesset.gov.il//18/law/18_lst_180948.doc,https://fs.knesset.gov.il//18/law/18_lst_180537.doc,https://fs.knesset.gov.il//18/law/18_lst_181357.doc,https://fs.knesset.gov.il//18/law/18_lst_182061.doc,https://fs.knesset.gov.il//18/law/18_lst_184231.doc,https://fs.knesset.gov.il//18/law/18_lst_188318.doc,https://fs.knesset.gov.il//18/law/18_lst_187431.doc,https://fs.knesset.gov.il//18/law/18_lst_188310.doc,https://fs.knesset.gov.il//18/law/18_lst_203187.doc,https://fs.knesset.gov.il//18/law/18_lst_217125.doc,https://fs.knesset.gov.il//18/law/18_lst_217354.doc,https://fs.knesset.gov.il//18/law/18_lst_216728.doc,https://fs.knesset.gov.il//18/law/18_lst_217140.doc,https://fs.knesset.gov.il//18/law/18_lst_217383.doc,https://fs.knesset.gov.il//18/law/18_lst_217150.doc,https://fs.knesset.gov.il//18/law/18_lst_217357.doc
משפט,https://fs.knesset.gov.il//18/law/18_lst_141301.doc,https://fs.knesset.gov.il//18/law/18_lst%20%20_141380.doc,https://fs.knesset.gov.il//18/law/18_lst%20%20_141731.doc,https://fs.knesset.gov.il//18/law/18_lst%20%20_141773.doc,https://fs.knesset.gov.il//18/law/18_lst%20%20_141817.doc,https://fs.knesset.gov.il//18/law/18_lst%20%20_141851.doc,https://fs.knesset.gov.il//18/law/18_lst%20%20_141893.doc,https://fs.knesset.gov.il//18/law/18_lst%20%20_142047.doc,https://fs.knesset.gov.il//18/law/18_lst%20%20_142200.doc,https://fs.knesset.gov.il//18/law/18_lst%20%20_142771.doc,https://fs.knesset.gov.il//18/law/18_lst%20%20_142789.doc,https://fs.knesset.gov.il//18/law/18_lst%20%20_143189.doc,https://fs.knesset.gov.il//18/law/18_lst%20%20_143196.doc,https://fs.knesset.gov.il//18/law/18_lst%20%20_143547.doc,https://fs.knesset.gov.il//18/law/18_lst%20%20_144530.doc,https://fs.knesset.gov.il//18/law/18_lst%20%20_145630.doc,https://fs.knesset.gov.il//18/law/18_lst%20%20_145682.doc,https://fs.knesset.gov.il//18/law/18_lst%20%20_146021.doc,https://fs.knesset.gov.il//18/law/18_lst%20%20_146028.doc,https://fs.knesset.gov.il//18/law/18_lst%20%20_146035.doc,https://fs.knesset.gov.il//18/law/18_lst%20%20_146925.doc,https://fs.knesset.gov.il//18/law/18_lst%20%20_147047.doc,https://fs.knesset.gov.il//18/law/18_lst%20%20_147107.doc,https://fs.knesset.gov.il//18/law/18_lst%20%20_147182.doc,https://fs.knesset.gov.il//18/law/18_lst%20%20_147190.doc,https://fs.knesset.gov.il//18/law/18_lst%20%20_147306.doc,https://fs.knesset.gov.il//18/law/18_lst%20%20_147582.doc,https://fs.knesset.gov.il//18/law/18_lst%20%20_147599..doc,https://fs.knesset.gov.il//18/law/18_lst%20%20_147762.doc,https://fs.knesset.gov.il//18/law/18_lst%20%20_147795.doc,https://fs.knesset.gov.il//18/law/18_lst%20%20_147943.doc,https://fs.knesset.gov.il//18/law/18_lst%20%20_162072..doc,https://fs.knesset.gov.il//18/law/18_lst%20%20_166521..doc,https://fs.knesset.gov.il//18/law/18_lst%20%20_164490..doc,https://fs.knesset.gov.il//18/law/18_lst%20%20_165473..doc,https://fs.knesset.gov.il//18/law/18_lst%20%20_166069..doc,https://fs.knesset.gov.il//18/law/18_lst%20%20_166931..doc,https://fs.knesset.gov.il//18/law/18_lst%20%20_168236..doc,https://fs.knesset.gov.il//18/law/18_lst%20%20_168239..doc,https://fs.knesset.gov.il//18/law/18_lst%20%20_169587..doc,https://fs.knesset.gov.il//18/law/18_lst%20%20_169580..doc,https://fs.knesset.gov.il//18/law/18_lst_169116.doc,https://fs.knesset.gov.il//18/law/18_lst%20%20_169763..doc,https://fs.knesset.gov.il//18/law/18_lst%20%20_169750..doc,https://fs.knesset.gov.il//18/law/18_lst%20%20_172023..doc,https://fs.knesset.gov.il//18/law/18_lst_171147.doc,https://fs.knesset.gov.il//18/law/18_lst%20%20_172027..doc,https://fs.knesset.gov.il//18/law/18_lst%20%20_173020..doc,https://fs.knesset.gov.il//18/law/18_lst%20%20_171652..doc,https://fs.knesset.gov.il//18/law/18_lst_173363.doc,https://fs.knesset.gov.il//18/law/18_lst%20%20_173856..doc,https://fs.knesset.gov.il//18/law/18_lst_181433.doc,https://fs.knesset.gov.il//18/law/18_lst_180544.doc,https://fs.knesset.gov.il//18/law/18_lst_183321.doc,https://fs.knesset.gov.il//18/law/18_lst_184759.doc,https://fs.knesset.gov.il//18/law/18_lst_185085.doc,https://fs.knesset.gov.il//18/law/18_lst_186257.doc,https://fs.knesset.gov.il//18/law/18_lst_186811.doc,https://fs.knesset.gov.il//18/law/18_lst_188366.doc,https://fs.knesset.gov.il//18/law/18_lst_194635.doc,https://fs.knesset.gov.il//18/law/18_lst_201554.doc,https://fs.knesset.gov.il//18/law/18_lst_201197.doc,https://fs.knesset.gov.il//18/law/18_lst_216214.doc,https://fs.knesset.gov.il//18/law/18_lst_217365.doc,https://fs.knesset.gov.il//18/law/18_lst_217359.doc
קצבאות ותגמולים,https://fs.knesset.gov.il//18/law/18_lst_567218.doc,https://fs.knesset.gov.il//18/law/18_lst%20%20_141800.doc,https://fs.knesset.gov.il//18/law/18_lst%20%20_141921.doc,https://fs.knesset.gov.il//18/law/18_lst%20%20_141952.doc,https://fs.knesset.gov.il//18/law/18_lst%20%20_141961..doc,https://fs.knesset.gov.il//18/law/18_lst%20%20_142493.doc,https://fs.knesset.gov.il//18/law/18_lst%20%20_142567.doc,https://fs.knesset.gov.il//18/law/18_lst%20%20_161711..doc,https://fs.knesset.gov.il//18/law/18_lst%20%20_142957.doc,https://fs.knesset.gov.il//18/law/18_lst%20%20_143054.doc,https://fs.knesset.gov.il//18/law/18_lst%20%20_143070.doc,https://fs.knesset.gov.il//18/law/18_lst%20%20_145368.doc,https://fs.knesset.gov.il//18/law/18_lst%20%20_145489.doc,https://fs.knesset.gov.il//18/law/18_lst%20%20_145804.doc,https://fs.knesset.gov.il//18/law/18_lst%20%20_145908.doc,https://fs.knesset.gov.il//18/law/18_lst%20%20_146092..doc,https://fs.knesset.gov.il//18/law/18_lst%20%20_146337..doc,https://fs.knesset.gov.il//18/law/18_lst%20%20_146692.doc,https://fs.knesset.gov.il//18/law/18_lst%20%20_146748.doc,https://fs.knesset.gov.il//18/law/18_lst%20%20_146941.doc,https://fs.knesset.gov.il//18/law/18_lst%20%20_146957.doc,https://fs.knesset.gov.il//18/law/18_lst%20%20_147319.doc,https://fs.knesset.gov.il//18/law/18_lst%20%20_147332.doc,https://fs.knesset.gov.il//18/law/18_lst%20%20_147364.doc,https://fs.knesset.gov.il//18/law/18_lst%20%20_147915..doc,https://fs.knesset.gov.il//18/law/18_lst%20%20_147936.doc,https://fs.knesset.gov.il//18/law/18_lst%20%20_147998..doc,https://fs.knesset.gov.il//18/law/18_lst%20%20_148155..doc,https://fs.knesset.gov.il//18/law/18_lst%20%20_148165.doc,https://fs.knesset.gov.il//18/law/18_lst%20%20_148326.doc,https://fs.knesset.gov.il//18/law/18_lst%20%20_148372.doc,https://fs.knesset.gov.il//18/law/18_lst%20%20_148439.doc,https://fs.knesset.gov.il//18/law/18_lst%20%20_148444..doc,https://fs.knesset.gov.il//18/law/18_lst%20%20_148477..doc,https://fs.knesset.gov.il//18/law/18_lst%20%20_148514.doc,https://fs.knesset.gov.il//18/law/18_lst%20%20_162079..doc,https://fs.knesset.gov.il//18/law/18_lst%20%20_164907..doc,https://fs.knesset.gov.il//18/law/18_lst%20%20_169105..doc,https://fs.knesset.gov.il//18/law/18_lst%20%20_169488..doc,https://fs.knesset.gov.il//18/law/18_lst%20%20_169725..doc,https://fs.knesset.gov.il//18/law/18_lst%20%20_169726..doc,https://fs.knesset.gov.il//18/law/18_lst%20%20_170769..doc,https://fs.knesset.gov.il//18/law/18_lst%20%20_170116..doc,https://fs.knesset.gov.il//18/law/18_lst%20%20_170280..doc,https://fs.knesset.gov.il//18/law/18_lst%20%20_170493..doc,https://fs.knesset.gov.il//18/law/18_lst_171396.doc,https://fs.knesset.gov.il//18/law/18_lst%20%20_172058..doc,https://fs.knesset.gov.il//18/law/18_lst%20%20_173352..doc,https://fs.knesset.gov.il//18/law/18_lst%20%20_173040..doc,https://fs.knesset.gov.il//18/law/18_lst_187020.doc,https://fs.knesset.gov.il//18/law/18_lst_181358.doc,https://fs.knesset.gov.il//18/law/18_lst_183073.doc,https://fs.knesset.gov.il//18/law/18_lst_184235.doc,https://fs.knesset.gov.il//18/law/18_lst_187901.doc,https://fs.knesset.gov.il//18/law/18_lst_217126.doc,https://fs.knesset.gov.il//18/law/18_lst_188889.doc,https://fs.knesset.gov.il//18/law/18_lst_210601.doc,https://fs.knesset.gov.il//18/law/18_lst_219110.doc,https://fs.knesset.gov.il//18/law/18_lst_219107.doc
זכויות עובדים,https://fs.knesset.gov.il//18/law/18_lst_567225.doc,https://fs.knesset.gov.il//18/law/18_lst%20%20_141280.doc,https://fs.knesset.gov.il//18/law/18_lst%20%20_141797.doc,https://fs.knesset.gov.il//18/law/18_lst%20%20_141806.doc,https://fs.knesset.gov.il//18/law/18_lst%20%20_141890.doc,https://fs.knesset.gov.il//18/law/18_lst%20%20_141905.doc,https://fs.knesset.gov.il//18/law/18_lst%20%20_141991.doc,https://fs.knesset.gov.il//18/law/18_lst%20%20_142534.doc,https://fs.knesset.gov.il//18/law/18_lst%20%20_142549..doc,https://fs.knesset.gov.il//18/law/18_lst%20%20_142613.doc,https://fs.knesset.gov.il//18/law/18_lst%20%20_143231.doc,https://fs.knesset.gov.il//18/law/18_lst%20%20_143734.doc,https://fs.knesset.gov.il//18/law/18_lst%20%20_144298..doc,https://fs.knesset.gov.il//18/law/18_lst%20%20_144691.doc,https://fs.knesset.gov.il//18/law/18_lst_145425.doc,https://fs.knesset.gov.il//18/law/18_lst%20%20_146089.doc,https://fs.knesset.gov.il//18/law/18_lst%20%20_146106.doc,https://fs.knesset.gov.il//18/law/18_lst%20%20_146283.doc,https://fs.knesset.gov.il//18/law/18_lst%20%20_146353..doc,https://fs.knesset.gov.il//18/law/18_lst%20%20_146379.doc,https://fs.knesset.gov.il//18/law/18_lst%20%20_146442.doc,https://fs.knesset.gov.il//18/law/18_lst%20%20_147056.doc,https://fs.knesset.gov.il//18/law/18_lst%20%20_147179..doc,https://fs.knesset.gov.il//18/law/18_lst%20%20_147197.doc,https://fs.knesset.gov.il//18/law/18_lst%20%20_147348.doc,https://fs.knesset.gov.il//18/law/18_lst%20%20_147430.doc,https://fs.knesset.gov.il//18/law/18_lst%20%20_147486.doc,https://fs.knesset.gov.il//18/law/18_lst%20%20_147705.doc,https://fs.knesset.gov.il//18/law/18_lst%20%20_147897.doc,https://fs.knesset.gov.il//18/law/18_lst%20%20_148115..doc,https://fs.knesset.gov.il//18/law/18_lst%20%20_148414.doc,https://fs.knesset.gov.il//18/law/18_lst%20%20_165072..doc,https://fs.knesset.gov.il//18/law/18_lst%20%20_163784..doc,https://fs.knesset.gov.il//18/law/18_lst_164328.doc,https://fs.knesset.gov.il//18/law/18_lst%20%20_164472..doc,https://fs.knesset.gov.il//18/law/18_lst%20%20_165068..doc,https://fs.knesset.gov.il//18/law/18_lst%20%20_166078..doc,https://fs.knesset.gov.il//18/law/18_lst%20%20_167222..doc,https://fs.knesset.gov.il//18/law/18_lst%20%20_167221..doc,https://fs.knesset.gov.il//18/law/18_lst%20%20_167945..doc,https://fs.knesset.gov.il//18/law/18_lst%20%20_167406..doc,https://fs.knesset.gov.il//18/law/18_lst_169099.doc,https://fs.knesset.gov.il//18/law/18_lst_169707.doc,https://fs.knesset.gov.il//18/law/18_lst_173361.doc,https://fs.knesset.gov.il//18/law/18_lst_171729.doc,https://fs.knesset.gov.il//18/law/18_lst_173665.doc,https://fs.knesset.gov.il//18/law/18_lst_173591.doc,https://fs.knesset.gov.il//18/law/18_lst%20%20_173874..doc,https://fs.knesset.gov.il//18/law/18_lst_174191.doc,https://fs.knesset.gov.il//18/law/18_lst_175647.doc,https://fs.knesset.gov.il//18/law/18_lst_174436.doc,https://fs.knesset.gov.il//18/law/18_lst_175480.doc,https://fs.knesset.gov.il//18/law/18_lst_175497.doc,https://fs.knesset.gov.il//18/law/18_lst_180854.doc,https://fs.knesset.gov.il//18/law/18_lst_180523.doc,https://fs.knesset.gov.il//18/law/18_lst_181526.doc,https://fs.knesset.gov.il//18/law/18_lst_181531.doc,https://fs.knesset.gov.il//18/law/18_lst_182307.doc,https://fs.knesset.gov.il//18/law/18_lst_182844.doc,https://fs.knesset.gov.il//18/law/18_lst_187666.doc,https://fs.knesset.gov.il//18/law/18_lst_188876.doc,https://fs.knesset.gov.il//18/law/18_lst_188369.doc,https://fs.knesset.gov.il//18/law/18_lst_199167.doc,https://fs.knesset.gov.il//18/law/18_lst_202338.doc,https://fs.knesset.gov.il//18/law/18_lst_217346.doc,https://fs.knesset.gov.il//18/law/18_lst_217366.doc,https://fs.knesset.gov.il//18/law/18_lst_216717.doc,https://fs.knesset.gov.il//18/law/18_lst_219106.doc
דיור ונדלן,https://fs.knesset.gov.il//18/law/18_lst%20%20_141767.doc,https://fs.knesset.gov.il//18/law/18_lst%20%20_142054..doc,https://fs.knesset.gov.il//18/law/18_lst%20%20_142234.doc,https://fs.knesset.gov.il//18/law/18_lst%20%20_142525.doc,https://fs.knesset.gov.il//18/law/18_lst%20%20_142747.doc,https://fs.knesset.gov.il//18/law/18_lst%20%20_142955.doc,https://fs.knesset.gov.il//18/law/18_lst%20%20_143361.doc,https://fs.knesset.gov.il//18/law/18_lst%20%20_143435.doc,https://fs.knesset.gov.il//18/law/18_lst%20%20_143526.doc,https://fs.knesset.gov.il//18/law/18_lst%20%20_143545.doc,https://fs.knesset.gov.il//18/law/18_lst%20%20_143577.doc,https://fs.knesset.gov.il//18/law/18_lst%20%20_143592.doc,https://fs.knesset.gov.il//18/law/18_lst%20%20_143594..doc,https://fs.knesset.gov.il//18/law/18_lst_143902.doc,https://fs.knesset.gov.il//18/law/18_lst%20%20_144899.doc,https://fs.knesset.gov.il//18/law/18_lst%20%20_145508.doc,https://fs.knesset.gov.il//18/law/18_lst%20%20_145525..doc,https://fs.knesset.gov.il//18/law/18_lst%20%20_145725.doc,https://fs.knesset.gov.il//18/law/18_lst%20%20_145740.doc,https://fs.knesset.gov.il//18/law/18_lst%20%20_145966..doc,https://fs.knesset.gov.il//18/law/18_lst%20%20_146005.doc,https://fs.knesset.gov.il//18/law/18_lst%20%20_146030.doc,https://fs.knesset.gov.il//18/law/18_lst%20%20_146077.doc,https://fs.knesset.gov.il//18/law/18_lst%20%20_146123..doc,https://fs.knesset.gov.il//18/law/18_lst_146389.doc,https://fs.knesset.gov.il//18/law/18_lst%20%20_146639.doc,https://fs.knesset.gov.il//18/law/18_lst%20%20_146836.doc,https://fs.knesset.gov.il//18/law/18_lst%20%20_146897.doc,https://fs.knesset.gov.il//18/law/18_lst%20%20_147261.doc,https://fs.knesset.gov.il//18/law/18_lst%20%20_147457.doc,https://fs.knesset.gov.il//18/law/18_lst%20%20_147501.doc,https://fs.knesset.gov.il//18/law/18_lst%20%20_147564.doc,https://fs.knesset.gov.il//18/law/18_lst%20%20_147611.doc,https://fs.knesset.gov.il//18/law/18_lst%20%20_147677.doc,https://fs.knesset.gov.il//18/law/18_lst%20%20_147764.doc,https://fs.knesset.gov.il//18/law/18_lst%20%20_147816.doc,https://fs.knesset.gov.il//18/law/18_lst%20%20_147913.doc,https://fs.knesset.gov.il//18/law/18_lst%20%20_147930.doc,https://fs.knesset.gov.il//18/law/18_lst%20%20_148405.doc,https://fs.knesset.gov.il//18/law/18_lst_161707.doc,https://fs.knesset.gov.il//18/law/18_lst%20%20_164473..doc,https://fs.knesset.gov.il//18/law/18_lst%20%20_166609..doc,https://fs.knesset.gov.il//18/law/18_lst%20%20_167786..doc,https://fs.knesset.gov.il//18/law/18_lst%20%20_168524..doc,https://fs.knesset.gov.il//18/law/18_lst%20%20_169296..doc,https://fs.knesset.gov.il//18/law/18_lst%20%20_169308..doc,https://fs.knesset.gov.il//18/law/18_lst%20%20_169501..doc,https://fs.knesset.gov.il//18/law/18_lst%20%20_169752..doc,https://fs.knesset.gov.il//18/law/18_lst_171423.doc,https://fs.knesset.gov.il//18/law/18_lst%20%20_172416..doc,https://fs.knesset.gov.il//18/law/18_lst%20%20_172518..doc,https://fs.knesset.gov.il//18/law/18_lst%20%20_172714..doc,https://fs.knesset.gov.il//18/law/18_lst_180991.doc,https://fs.knesset.gov.il//18/law/18_lst_173024.doc,https://fs.knesset.gov.il//18/law/18_lst_173590.doc,https://fs.knesset.gov.il//18/law/18_lst_173833.doc,https://fs.knesset.gov.il//18/law/18_lst%20%20_173835..doc,https://fs.knesset.gov.il//18/law/18_lst_175490.doc,https://fs.knesset.gov.il//18/law/18_lst_175487.doc,https://fs.knesset.gov.il//18/law/18_lst_180940.doc,https://fs.knesset.gov.il//18/law/18_lst_180950.doc,https://fs.knesset.gov.il//18/law/18_lst_181527.doc,https://fs.knesset.gov.il//18/law/18_lst_182624.doc,https://fs.knesset.gov.il//18/law/18_lst_184219.doc,https://fs.knesset.gov.il//18/law/18_lst_185087.doc,https://fs.knesset.gov.il//18/law/18_lst_186256.doc,https://fs.knesset.gov.il//18/law/18_lst_188548.doc,https://fs.knesset.gov.il//18/law/18_lst_202767.doc,https://fs.knesset.gov.il//18/law/18_lst_201884.doc,https://fs.knesset.gov.il//18/law/18_lst_216731.doc,https://fs.knesset.gov.il//18/law/18_lst_219111.doc
בריאות,https://fs.knesset.gov.il//18/law/18_lst%20%20_79827..doc,https://fs.knesset.gov.il//18/law/18_lst%20%20_141934.doc,https://fs.knesset.gov.il//18/law/18_lst%20%20_142018.doc,https://fs.knesset.gov.il//18/law/18_lst%20%20_142561.doc,https://fs.knesset.gov.il//18/law/18_lst%20%20_143223.doc,https://fs.knesset.gov.il//18/law/18_lst%20%20_165476..doc,https://fs.knesset.gov.il//18/law/18_lst%20%20_145066.doc,https://fs.knesset.gov.il//18/law/18_lst%20%20_146871.doc,https://fs.knesset.gov.il//18/law/18_lst_147525.doc,https://fs.knesset.gov.il//18/law/18_lst%20%20_147539.doc,https://fs.knesset.gov.il//18/law/18_lst%20%20_147584.doc,https://fs.knesset.gov.il//18/law/18_lst%20%20_147667.doc,https://fs.knesset.gov.il//18/law/18_lst_147749.doc,https://fs.knesset.gov.il//18/law/18_lst%20%20_147752.doc,https://fs.knesset.gov.il//18/law/18_lst%20%20_148033..doc,https://fs.knesset.gov.il//18/law/18_lst_148037.doc,https://fs.knesset.gov.il//18/law/18_lst_181278.doc,https://fs.knesset.gov.il//18/law/18_lst%20%20_165001..doc,https://fs.knesset.gov.il//18/law/18_lst_167640.doc,https://fs.knesset.gov.il//18/law/18_lst%20%20_169708..doc,https://fs.knesset.gov.il//18/law/18_lst%20%20_169709..doc,https://fs.knesset.gov.il//18/law/18_lst_173608.doc,https://fs.knesset.gov.il//18/law/18_lst_173720.doc,https://fs.knesset.gov.il//18/law/18_lst_181971.doc,https://fs.knesset.gov.il//18/law/18_lst_182225.doc,https://fs.knesset.gov.il//18/law/18_lst_182219.doc,https://fs.knesset.gov.il//18/law/18_lst_183598.doc,https://fs.knesset.gov.il//18/law/18_lst_185258.doc,https://fs.knesset.gov.il//18/law/18_lst_196343.doc,https://fs.knesset.gov.il//18/law/18_lst_210606.doc,https://fs.knesset.gov.il//18/law/18_lst_217127.doc
צרכנות,https://fs.knesset.gov.il//18/law/18_lst%20%20_141781.doc,https://fs.knesset.gov.il//18/law/18_lst%20%20_141795.doc,https://fs.knesset.gov.il//18/law/18_lst%20%20_141919.doc,https://fs.knesset.gov.il//18/law/18_lst%20%20_142056.doc,https://fs.knesset.gov.il//18/law/18_lst%20%20_142507.doc,https://fs.knesset.gov.il//18/law/18_lst%20%20_142707..doc,https://fs.knesset.gov.il//18/law/18_lst%20%20_142782..doc,https://fs.knesset.gov.il//18/law/18_lst%20%20_142792.doc,https://fs.knesset.gov.il//18/law/18_lst%20%20_142963.doc,https://fs.knesset.gov.il//18/law/18_lst%20%20_143934.doc,https://fs.knesset.gov.il//18/law/18_lst%20%20_144360.doc,https://fs.knesset.gov.il//18/law/18_lst%20%20_144926.doc,https://fs.knesset.gov.il//18/law/18_lst%20%20_145659.doc,https://fs.knesset.gov.il//18/law/18_lst%20%20_146081.doc,https://fs.knesset.gov.il//18/law/18_lst%20%20_146082.doc,https://fs.knesset.gov.il//18/law/18_lst%20%20_164144..doc,https://fs.knesset.gov.il//18/law/18_lst%20%20_146147.doc,https://fs.knesset.gov.il//18/law/18_lst%20%20_146259.doc,https://fs.knesset.gov.il//18/law/18_lst%20%20_146407.doc,https://fs.knesset.gov.il//18/law/18_lst%20%20_146484.doc,https://fs.knesset.gov.il//18/law/18_lst%20%20_146505.doc,https://fs.knesset.gov.il//18/law/18_lst%20%20_146597.doc,https://fs.knesset.gov.il//18/law/18_lst%20%20_146652.doc,https://fs.knesset.gov.il//18/law/18_lst%20%20_146724.doc,https://fs.knesset.gov.il//18/law/18_lst%20%20_146848.doc,https://fs.knesset.gov.il//18/law/18_lst%20%20_146850.doc,https://fs.knesset.gov.il//18/law/18_lst%20%20_147017.doc,https://fs.knesset.gov.il//18/law/18_lst%20%20_147022.doc,https://fs.knesset.gov.il//18/law/18_lst%20%20_147031.doc,https://fs.knesset.gov.il//18/law/18_lst%20%20_147177.doc,https://fs.knesset.gov.il//18/law/18_lst%20%20_147371.doc,https://fs.knesset.gov.il//18/law/18_lst%20%20_147393.doc,https://fs.knesset.gov.il//18/law/18_lst%20%20_147727..doc,https://fs.knesset.gov.il//18/law/18_lst%20%20_147805.doc,https://fs.knesset.gov.il//18/law/18_lst_147855.doc,https://fs.knesset.gov.il//18/law/18_lst%20%20_147952.doc,https://fs.knesset.gov.il//18/law/18_lst%20%20_164100..doc,https://fs.knesset.gov.il//18/law/18_lst%20%20_148291.doc,https://fs.knesset.gov.il//18/law/18_lst%20%20_148302.doc,https://fs.knesset.gov.il//18/law/18_lst%20%20_166087..doc,https://fs.knesset.gov.il//18/law/18_lst_188872.doc,https://fs.knesset.gov.il//18/law/18_lst%20%20_165070..doc,https://fs.knesset.gov.il//18/law/18_lst%20%20_165804..doc,https://fs.knesset.gov.il//18/law/18_lst%20%20_166913..doc,https://fs.knesset.gov.il//18/law/18_lst%20%20_166610..doc,https://fs.knesset.gov.il//18/law/18_lst%20%20_166929..doc,https://fs.knesset.gov.il//18/law/18_lst%20%20_166914..doc,https://fs.knesset.gov.il//18/law/18_lst%20%20_167790..doc,https://fs.knesset.gov.il//18/law/18_lst%20%20_168751..doc,https://fs.knesset.gov.il//18/law/18_lst%20%20_173612..doc,https://fs.knesset.gov.il//18/law/18_lst_169721.doc,https://fs.knesset.gov.il//18/law/18_lst%20%20_169751..doc,https://fs.knesset.gov.il//18/law/18_lst%20%20_172065..doc,https://fs.knesset.gov.il//18/law/18_lst%20%20_173669..doc,https://fs.knesset.gov.il//18/law/18_lst_173847.doc,https://fs.knesset.gov.il//18/law/18_lst_175486.doc,https://fs.knesset.gov.il//18/law/18_lst_183317.doc,https://fs.knesset.gov.il//18/law/18_lst_183325.doc,https://fs.knesset.gov.il//18/law/18_lst_183990.doc,https://fs.knesset.gov.il//18/law/18_lst_183992.doc,https://fs.knesset.gov.il//18/law/18_lst_185457.doc,https://fs.knesset.gov.il//18/law/18_lst_185761.doc,https://fs.knesset.gov.il//18/law/18_lst_196323.doc,https://fs.knesset.gov.il//18/law/18_lst_194638.doc,https://fs.knesset.gov.il//18/law/18_lst_567063.docx,https://fs.knesset.gov.il//18/law/18_lst_199179.doc,https://fs.knesset.gov.il//18/law/18_lst_200586.doc,https://fs.knesset.gov.il//18/law/18_lst_202359.doc,https://fs.knesset.gov.il//18/law/18_lst_217149.doc
